INSERT INTO users.authority (id, name) VALUES
(1, 'ROLE_ADMIN'),
(2, 'ROLE_MODERATOR'),
(3, 'CAN_UPVOTE'),
(4, 'CAN_DOWNVOTE'),
(5, 'CAN_ANSWER_QUESTION'),
(6, 'CAN_EDIT_OTHER_USERS_POSTS'),
(7, 'CAN_SEE_DOWNVOTES'),
(8, 'CAN_DELETE_OTHER_USERS_QUESTIONS'),
(9, 'CAN_DELETE_OTHER_USERS_ANSWERS'),
(10, 'CAN_DELETE_OTHER_USERS_POSTS'),
(11, 'CAN_DEACTIVATE_OTHER_USERS'),
(12, 'CAN_DELETE_OTHER_USERS'),
(13, 'CAN_RECOVER_OTHER_USERS_PASSWORDS'),
(14, 'CAN_MANAGE_OTHER_USERS_PERMISSIONS'),
(15, 'CAN_CHANGE_OTHER_USERS_ACCEPTED_ANSWERS')
;


-- 4n^2?XiLbruM|
-- '$2a$10$el1tG.HNXXpa8YSEEQTCDOU.WNUGUyhEUxJpM7WCtag6xiWfn2EJm'
INSERT INTO users.qa_user ( id, username, email, password, name, about, created_date, deleted_date, last_modified_date) VALUES
( '1b70d154-006b-4a65-91c0-754a667e1367','admin','admin@mailinator.com','$2a$10$el1tG.HNXXpa8YSEEQTCDOU.WNUGUyhEUxJpM7WCtag6xiWfn2EJm','Admin','hellooooooooooooooooooooooooooooooooooooooooooooooooooooooo world; I''m new here o/','2002-10-22',null,'2017-11-21' ),
( '4743d21b-e993-4fa6-a65a-08a6afa00be5','Nicoli','Nicoli@gmail.com','$2a$10$el1tG.HNXXpa8YSEEQTCDOU.WNUGUyhEUxJpM7WCtag6xiWfn2EJm','Nicoli','helloooooooooooooooooooooooooooooooooooooo world$ I''m new here o/','2000-11-20',null,'2006-01-16' ),
( 'cd8419f3-daec-49b9-9dd7-63119ed506e3','Demetris','Demetris@gmail.com','$2a$10$el1tG.HNXXpa8YSEEQTCDOU.WNUGUyhEUxJpM7WCtag6xiWfn2EJm','Demetris','hellooooooooooooooooooooooooooooooooooooo to youc I''m new here o/','2002-01-31',null,'2013-03-02' ),
( 'bd31eebb-d3e6-4377-8802-1f3f53eb7cd2','Alexine','Alexine@gmail.com','$2a$10$el1tG.HNXXpa8YSEEQTCDOU.WNUGUyhEUxJpM7WCtag6xiWfn2EJm','Alexine','helloooooooooooooooooooooooooooooooooooooooooooooooooooooooooooooooooooooooooooooo worldC I''m new here o/','2001-08-14',null,'2015-02-18' ),
( '36edd72b-d8e4-469e-9c77-75cdab686a59','Brooks','Brooks@gmail.com','$2a$10$el1tG.HNXXpa8YSEEQTCDOU.WNUGUyhEUxJpM7WCtag6xiWfn2EJm','Brooks','helloooooooooooooooooooooooooooooooooooooooo to you? I''m new here o/','2002-07-21',null,'2007-04-26' ),
( '9c0b7f94-4ee3-4a2d-a651-bbb2778f91c8','Delilah','Delilah@gmail.com','$2a$10$el1tG.HNXXpa8YSEEQTCDOU.WNUGUyhEUxJpM7WCtag6xiWfn2EJm','Delilah','hellooooooooooooooooooooooooooooooooooooooooooooooooooooooooooooooooooooooooooooo to you] I''m new here o/','2002-07-06','2021-12-10T01:16:40.459Z','2018-07-24' ),
( '9efccbde-c145-484e-aa25-4c57f8131bcc','Madalyn','Madalyn@gmail.com','$2a$10$el1tG.HNXXpa8YSEEQTCDOU.WNUGUyhEUxJpM7WCtag6xiWfn2EJm','Madalyn','hellooooooooooooooooooooo to youj I''m new here o/','2001-10-09',null,'2006-12-23' ),
( '66ed27a1-5ecc-48b0-961f-13151325a50f','Trixi','Trixi@gmail.com','$2a$10$el1tG.HNXXpa8YSEEQTCDOU.WNUGUyhEUxJpM7WCtag6xiWfn2EJm','Trixi','hellooooooooooooooooooooooooooooooooooooooooooooooooooooooooooooooooo to youT I''m new here o/','2000-10-25',null,'2010-05-23' ),
( 'ed3f590a-4e5d-47de-909a-7380cf9daadc','Heddie','Heddie@gmail.com','$2a$10$el1tG.HNXXpa8YSEEQTCDOU.WNUGUyhEUxJpM7WCtag6xiWfn2EJm','Heddie','helloooooooooooooooooooooooooooooooooooooo to you" I''m new here o/','2000-02-27',null,'2009-02-09' ),
( '28b5f3d3-9b33-4b5d-b453-dd8236b9eedb','Kalina','Kalina@gmail.com','$2a$10$el1tG.HNXXpa8YSEEQTCDOU.WNUGUyhEUxJpM7WCtag6xiWfn2EJm','Kalina','helloooooooooooooooooooooooooooooooooooooooooooooooooooooooooooooooooooooooooo world0 I''m new here o/','2000-07-16',null,'2005-02-11' ),
( 'b62651a6-1db0-4bd4-b939-96de7a7b3f3b','Molli','Molli@gmail.com','$2a$10$el1tG.HNXXpa8YSEEQTCDOU.WNUGUyhEUxJpM7WCtag6xiWfn2EJm','Molli','hellooooooooooooooooooooooooooooooooooooooooooooooooooooooooooooooooo to youo I''m new here o/','2000-01-08',null,'2020-11-13' ),
( '3055c019-d77a-4ee6-bef1-ed4bea9f9d92','Desirae','Desirae@gmail.com','$2a$10$el1tG.HNXXpa8YSEEQTCDOU.WNUGUyhEUxJpM7WCtag6xiWfn2EJm','Desirae','hellooooooooooooooooooooooooooooooooooo worldZ I''m new here o/','2002-10-23',null,'2013-03-16' ),
( 'd346c703-b368-463e-b788-c1e23d716353','Fawne','Fawne@gmail.com','$2a$10$el1tG.HNXXpa8YSEEQTCDOU.WNUGUyhEUxJpM7WCtag6xiWfn2EJm','Fawne','hellooooooooooooooooooooooooooooooooooooooo world? I''m new here o/','2001-08-30',null,'2014-02-07' ),
( '5c01c01e-be05-499c-a8ea-1ef01906fc36','Drucie','Drucie@gmail.com','$2a$10$el1tG.HNXXpa8YSEEQTCDOU.WNUGUyhEUxJpM7WCtag6xiWfn2EJm','Drucie','helloooooooooooooooooooooooooooooooooooooooooooooooooooo worldL I''m new here o/','2002-04-21',null,'2016-02-11' ),
( '3382b768-ee1a-4848-9826-d4e199c65bef','Randa','Randa@gmail.com','$2a$10$el1tG.HNXXpa8YSEEQTCDOU.WNUGUyhEUxJpM7WCtag6xiWfn2EJm','Randa','hellooooooooooooooooooooooooooooooooooooooooooooooooooooooooooooooooooooooooooooooooooooooooooooooooo to youO I''m new here o/','2002-05-03','2021-12-10T01:16:40.472Z','2012-02-08' ),
( '842f1cdd-7474-4e0b-925f-f35c3f2174c7','Barbi','Barbi@gmail.com','$2a$10$el1tG.HNXXpa8YSEEQTCDOU.WNUGUyhEUxJpM7WCtag6xiWfn2EJm','Barbi','helloooooooooooo worldu I''m new here o/','2002-04-28',null,'2013-04-06' ),
( '7a90b53a-b937-4cb0-b702-869aad64410b','Odessa','Odessa@gmail.com','$2a$10$el1tG.HNXXpa8YSEEQTCDOU.WNUGUyhEUxJpM7WCtag6xiWfn2EJm','Odessa','helloooooooooooooooo world( I''m new here o/','2000-08-01',null,'2008-03-26' ),
( 'cd8d6981-11aa-48fe-b1da-488c0a50aed1','Cecile','Cecile@gmail.com','$2a$10$el1tG.HNXXpa8YSEEQTCDOU.WNUGUyhEUxJpM7WCtag6xiWfn2EJm','Cecile','hellooooooooooooooooooooooooooooooooooooooooooooooooooooooooooooooooooooooooo to you; I''m new here o/','2001-09-23','2021-12-10T01:16:40.472Z','2009-09-05' ),
( '561f4418-4019-42a7-a7e0-58a728fd2091','Courtnay','Courtnay@gmail.com','$2a$10$el1tG.HNXXpa8YSEEQTCDOU.WNUGUyhEUxJpM7WCtag6xiWfn2EJm','Courtnay','hellooooooooooooooooooooooooooooooooooooooooooooooooooooooooooooooooooooooooooooooooooooo worldH I''m new here o/','2001-03-11',null,'2019-07-06' ),
( '239e0a91-2b42-41a2-9385-3c0efe9ee227','Dolli','Dolli@gmail.com','$2a$10$el1tG.HNXXpa8YSEEQTCDOU.WNUGUyhEUxJpM7WCtag6xiWfn2EJm','Dolli','hellooooooooooooooooooooooooooo to you5 I''m new here o/','2001-11-30',null,'2012-04-29' ),
( '4defcde4-9dea-441a-977f-465fc7f4d775','Brietta','Brietta@gmail.com','$2a$10$el1tG.HNXXpa8YSEEQTCDOU.WNUGUyhEUxJpM7WCtag6xiWfn2EJm','Brietta','helloooooooooooooooooooooooooooooooooooooooooooooooooooooooooooooooooooo to you* I''m new here o/','2001-10-08',null,'2007-08-03' ),
( '4e77926a-53d0-4792-af01-945ac074f4bb','Sharlene','Sharlene@gmail.com','$2a$10$el1tG.HNXXpa8YSEEQTCDOU.WNUGUyhEUxJpM7WCtag6xiWfn2EJm','Sharlene','hellooooooooooooooooo world$ I''m new here o/','2000-09-27',null,'2020-03-09' ),
( 'b7558b89-8a75-420a-a963-96ffecc6ac49','Marnia','Marnia@gmail.com','$2a$10$el1tG.HNXXpa8YSEEQTCDOU.WNUGUyhEUxJpM7WCtag6xiWfn2EJm','Marnia','helloooooooooooooooooooooooooooooooooooooooooooo to you9 I''m new here o/','2000-07-06',null,'2013-09-29' ),
( '96382b96-b657-4688-bcbd-89a63003c9e5','Maridel','Maridel@gmail.com','$2a$10$el1tG.HNXXpa8YSEEQTCDOU.WNUGUyhEUxJpM7WCtag6xiWfn2EJm','Maridel','helloooooooooooooooooooo to youa I''m new here o/','2001-04-27',null,'2019-09-11' ),
( '5b08b691-b679-4b61-8adc-a3579eb38412','Modestia','Modestia@gmail.com','$2a$10$el1tG.HNXXpa8YSEEQTCDOU.WNUGUyhEUxJpM7WCtag6xiWfn2EJm','Modestia','hellooooooooooooooooooooooooooooooooooooooooooooooooooooooooooooooooooooooooooooooooooooo worldH I''m new here o/','2002-01-07',null,'2016-06-14' ),
( 'e7b8b05c-8708-4e8b-a76a-4085e9398479','Lanae','Lanae@gmail.com','$2a$10$el1tG.HNXXpa8YSEEQTCDOU.WNUGUyhEUxJpM7WCtag6xiWfn2EJm','Lanae','hellooooooooooooooo world1 I''m new here o/','2001-08-18',null,'2012-11-18' ),
( '41e49e14-3d22-4722-a9c1-3a8cb9a0fac9','Correy','Correy@gmail.com','$2a$10$el1tG.HNXXpa8YSEEQTCDOU.WNUGUyhEUxJpM7WCtag6xiWfn2EJm','Correy','hellooooooooooooooooooooooooooooooooooooooooooooooooooooooooooooooooooooooooooooooooo to you$ I''m new here o/','2000-07-04',null,'2009-05-11' ),
( '875d869d-24e6-4003-813a-343c82d46b41','Agnese','Agnese@gmail.com','$2a$10$el1tG.HNXXpa8YSEEQTCDOU.WNUGUyhEUxJpM7WCtag6xiWfn2EJm','Agnese','hellooooooooooooo to you3 I''m new here o/','2002-09-17',null,'2011-04-07' ),
( '5642229e-2cc0-4248-9652-7e0476dc0e32','Sophia','Sophia@gmail.com','$2a$10$el1tG.HNXXpa8YSEEQTCDOU.WNUGUyhEUxJpM7WCtag6xiWfn2EJm','Sophia','hellooooooooooooooooooooooooooooo worlds I''m new here o/','2000-01-09',null,'2012-04-13' ),
( '96b6c5b0-e623-4b07-85ee-3f8117a9bf49','Beatriz','Beatriz@gmail.com','$2a$10$el1tG.HNXXpa8YSEEQTCDOU.WNUGUyhEUxJpM7WCtag6xiWfn2EJm','Beatriz','hellooooooooooooooooooooooooooooooooooooooooooooooooooooooooooooooooooooo to you. I''m new here o/','2000-04-25',null,'2017-08-24' ),
( '1d45c37b-3315-4a28-ba85-01e6b8fd9431','Brandise','Brandise@gmail.com','$2a$10$el1tG.HNXXpa8YSEEQTCDOU.WNUGUyhEUxJpM7WCtag6xiWfn2EJm','Brandise','helloooooooooooooooo to youz I''m new here o/','2000-10-26',null,'2004-06-29' ),
( 'd77041c7-bd31-48eb-b0a0-cc237fa2763d','Kore','Kore@gmail.com','$2a$10$el1tG.HNXXpa8YSEEQTCDOU.WNUGUyhEUxJpM7WCtag6xiWfn2EJm','Kore','helloooooooooooooooooooooooooooooooooooo to youd I''m new here o/','2002-12-07','2021-12-10T01:16:40.478Z','2014-01-30' ),
( '57dc0552-8622-47f1-84ea-1521cd9521d0','Kelly','Kelly@gmail.com','$2a$10$el1tG.HNXXpa8YSEEQTCDOU.WNUGUyhEUxJpM7WCtag6xiWfn2EJm','Kelly','hellooooooooooooooooooooooooooooooooooooooooooooooooooooooooo world_ I''m new here o/','2000-04-27',null,'2015-08-12' ),
( '45821d88-1e6d-455b-a95b-a7deccd4124e','Berta','Berta@gmail.com','$2a$10$el1tG.HNXXpa8YSEEQTCDOU.WNUGUyhEUxJpM7WCtag6xiWfn2EJm','Berta','hellooooooooooooooo worldX I''m new here o/','2002-12-15',null,'2012-08-02' ),
( '84d123d8-7640-4e87-9162-5bc7e7d697ed','Tonia','Tonia@gmail.com','$2a$10$el1tG.HNXXpa8YSEEQTCDOU.WNUGUyhEUxJpM7WCtag6xiWfn2EJm','Tonia','helloooooooooooooooooooooooooooooooooooooooooooooooooooooooooooooooooooooooo world. I''m new here o/','2000-03-14',null,'2019-08-16' ),
( 'f43e91b9-774d-4293-bc09-82db051a101c','Coral','Coral@gmail.com','$2a$10$el1tG.HNXXpa8YSEEQTCDOU.WNUGUyhEUxJpM7WCtag6xiWfn2EJm','Coral','hellooooooooooooooooooooooooooooooooooooooooooooooooooooooooooooooooooooooooooooooooo to you, I''m new here o/','2001-04-21',null,'2018-03-14' ),
( '95fddf6b-384c-4904-89e9-b02f623fe4ad','Asia','Asia@gmail.com','$2a$10$el1tG.HNXXpa8YSEEQTCDOU.WNUGUyhEUxJpM7WCtag6xiWfn2EJm','Asia','helloooooooooooooo world{ I''m new here o/','2000-07-07',null,'2009-12-10' ),
( '6b806a30-2d30-4628-b917-7ad93981a6c3','Renie','Renie@gmail.com','$2a$10$el1tG.HNXXpa8YSEEQTCDOU.WNUGUyhEUxJpM7WCtag6xiWfn2EJm','Renie','hellooooooooooooooooooooooooooooooooooooooooooooooooooooooooooooooo world/ I''m new here o/','2002-01-25',null,'2014-03-24' ),
( 'e57721bc-ab77-4d58-be82-e3935b7ebd08','Rhoda','Rhoda@gmail.com','$2a$10$el1tG.HNXXpa8YSEEQTCDOU.WNUGUyhEUxJpM7WCtag6xiWfn2EJm','Rhoda','hellooooooooooooooooooooooooooooooooooooooooooooooooooooooo to youf I''m new here o/','2002-04-28',null,'2015-04-09' ),
( '138b631d-004c-4f1a-b1ec-aba3b312db79','Daune','Daune@gmail.com','$2a$10$el1tG.HNXXpa8YSEEQTCDOU.WNUGUyhEUxJpM7WCtag6xiWfn2EJm','Daune','hellooooooooooooooooooooooooooooooooooooooooooooooooooooooooooooooooooooooooooooooooooooooooooooooo to you` I''m new here o/','2001-05-18',null,'2018-11-02' ),
( '43b46262-9659-4c7b-90a2-362f9b3262e6','Mellicent','Mellicent@gmail.com','$2a$10$el1tG.HNXXpa8YSEEQTCDOU.WNUGUyhEUxJpM7WCtag6xiWfn2EJm','Mellicent','hellooooooooooooooooooooooooooooooooooooooooooooooooooooooooooooooooooooooooooo to youS I''m new here o/','2001-02-23',null,'2019-05-09' ),
( 'a410146b-4347-4506-98cb-e1d2e29ca95c','Theodora','Theodora@gmail.com','$2a$10$el1tG.HNXXpa8YSEEQTCDOU.WNUGUyhEUxJpM7WCtag6xiWfn2EJm','Theodora','hellooooooooooooooooooooooooooooooooooooooooooooooooooooooooooooooooooooooooooooooooooooooooooooooooooooo worlds I''m new here o/','2002-03-13',null,'2014-02-07' ),
( 'c14c114a-c151-4631-bd71-9fce90930f5b','Shaine','Shaine@gmail.com','$2a$10$el1tG.HNXXpa8YSEEQTCDOU.WNUGUyhEUxJpM7WCtag6xiWfn2EJm','Shaine','hellooooooooooooooooooooooooooooooooooooooooooooooooooooooooooooooooooooooooooooooooooo to youk I''m new here o/','2002-04-30',null,'2004-11-12' ),
( 'fe861187-e53f-4238-b7d0-15f79fcc40ce','Sean','Sean@gmail.com','$2a$10$el1tG.HNXXpa8YSEEQTCDOU.WNUGUyhEUxJpM7WCtag6xiWfn2EJm','Sean','hellooooooooooooooooooooooooooooooooooooooooo to yout I''m new here o/','2000-12-24','2021-12-10T01:16:40.492Z','2017-03-13' ),
( '3d441d2c-e1ca-4f21-9367-cab4c57d2255','Beth','Beth@gmail.com','$2a$10$el1tG.HNXXpa8YSEEQTCDOU.WNUGUyhEUxJpM7WCtag6xiWfn2EJm','Beth','helloooooooooooooooooooooooooooooooooooooooooooooooooooooooooooooooooooooooo to you> I''m new here o/','2000-05-24',null,'2018-02-28' ),
( 'e4a11fe5-8054-4d99-a3fe-20c9fd21eced','Jaclyn','Jaclyn@gmail.com','$2a$10$el1tG.HNXXpa8YSEEQTCDOU.WNUGUyhEUxJpM7WCtag6xiWfn2EJm','Jaclyn','hellooooooooooooooooooooooooooooooooooooooooooooooooooooooooooooo to you( I''m new here o/','2001-06-26',null,'2012-05-29' ),
( 'dc25286e-59c4-45e9-871d-0609346c806a','Stevana','Stevana@gmail.com','$2a$10$el1tG.HNXXpa8YSEEQTCDOU.WNUGUyhEUxJpM7WCtag6xiWfn2EJm','Stevana','helloooooooooooooooooooooooooooooooooooooooooooooooooooooooooooooooooooooooooooooooooooooooo world& I''m new here o/','2002-10-06',null,'2012-03-07' ),
( '6ff8f7f7-535c-4278-9e4b-a68de6bcbd35','Suzette','Suzette@gmail.com','$2a$10$el1tG.HNXXpa8YSEEQTCDOU.WNUGUyhEUxJpM7WCtag6xiWfn2EJm','Suzette','hellooooooooooooooooooooooooooooooooooooooooooooooooooooooooooooooooooooooooooooooooooooo world? I''m new here o/','2000-06-10',null,'2013-08-18' ),
( '850d2305-92d2-4914-bdff-05803c6efa59','Lorie','Lorie@gmail.com','$2a$10$el1tG.HNXXpa8YSEEQTCDOU.WNUGUyhEUxJpM7WCtag6xiWfn2EJm','Lorie','helloooooooooooooo worldv I''m new here o/','2002-11-05',null,'2006-01-12' ),
( 'afd5298f-bb60-4348-817b-807a1fa93c95','Ruthe','Ruthe@gmail.com','$2a$10$el1tG.HNXXpa8YSEEQTCDOU.WNUGUyhEUxJpM7WCtag6xiWfn2EJm','Ruthe','helloooooooooooooooooooooooooooooooooooooooooooooooooooooooooooooooooooooooo worldg I''m new here o/','2000-10-19',null,'2008-10-11' )
;


INSERT INTO users.qa_user_authorities ( user_id, authorities_id) VALUES
( '1b70d154-006b-4a65-91c0-754a667e1367', 1),
( '239e0a91-2b42-41a2-9385-3c0efe9ee227', 2),
( '36edd72b-d8e4-469e-9c77-75cdab686a59', 3 ),
( '36edd72b-d8e4-469e-9c77-75cdab686a59', 4 ),
( '36edd72b-d8e4-469e-9c77-75cdab686a59', 6 ),
( '36edd72b-d8e4-469e-9c77-75cdab686a59', 8 ),
( '4743d21b-e993-4fa6-a65a-08a6afa00be5', 10 ),
( '4743d21b-e993-4fa6-a65a-08a6afa00be5', 5 ),
( '4743d21b-e993-4fa6-a65a-08a6afa00be5', 6 ),
( '4743d21b-e993-4fa6-a65a-08a6afa00be5', 7 ),
( '4743d21b-e993-4fa6-a65a-08a6afa00be5', 8 ),
( '66ed27a1-5ecc-48b0-961f-13151325a50f', 10 ),
( '66ed27a1-5ecc-48b0-961f-13151325a50f', 9 ),
( '9c0b7f94-4ee3-4a2d-a651-bbb2778f91c8', 4 ),
( '9c0b7f94-4ee3-4a2d-a651-bbb2778f91c8', 5 ),
( '9c0b7f94-4ee3-4a2d-a651-bbb2778f91c8', 7 ),
( '9c0b7f94-4ee3-4a2d-a651-bbb2778f91c8', 8 ),
( '9efccbde-c145-484e-aa25-4c57f8131bcc', 10 ),
( '9efccbde-c145-484e-aa25-4c57f8131bcc', 4 ),
( '9efccbde-c145-484e-aa25-4c57f8131bcc', 5 ),
( '9efccbde-c145-484e-aa25-4c57f8131bcc', 6 ),
( 'bd31eebb-d3e6-4377-8802-1f3f53eb7cd2', 3 ),
( 'bd31eebb-d3e6-4377-8802-1f3f53eb7cd2', 5 ),
( 'bd31eebb-d3e6-4377-8802-1f3f53eb7cd2', 6 ),
( 'bd31eebb-d3e6-4377-8802-1f3f53eb7cd2', 7 ),
( 'bd31eebb-d3e6-4377-8802-1f3f53eb7cd2', 8 ),
( 'bd31eebb-d3e6-4377-8802-1f3f53eb7cd2', 9 ),
( 'cd8419f3-daec-49b9-9dd7-63119ed506e3', 10 ),
( 'cd8419f3-daec-49b9-9dd7-63119ed506e3', 4 ),
( 'cd8419f3-daec-49b9-9dd7-63119ed506e3', 5 ),
( 'cd8419f3-daec-49b9-9dd7-63119ed506e3', 6 ),
( 'cd8419f3-daec-49b9-9dd7-63119ed506e3', 7 ),
( 'cd8419f3-daec-49b9-9dd7-63119ed506e3', 8 ),
( 'cd8419f3-daec-49b9-9dd7-63119ed506e3', 9 ),
( 'ed3f590a-4e5d-47de-909a-7380cf9daadc', 10 ),
( 'ed3f590a-4e5d-47de-909a-7380cf9daadc', 3 ),
( 'ed3f590a-4e5d-47de-909a-7380cf9daadc', 4 ),
( 'ed3f590a-4e5d-47de-909a-7380cf9daadc', 5 ),
( 'ed3f590a-4e5d-47de-909a-7380cf9daadc', 6 ),
( 'ed3f590a-4e5d-47de-909a-7380cf9daadc', 7 ),
( 'ed3f590a-4e5d-47de-909a-7380cf9daadc', 8 ),
( 'fe861187-e53f-4238-b7d0-15f79fcc40ce', 3 ),
( '3d441d2c-e1ca-4f21-9367-cab4c57d2255', 3 ),
( 'e4a11fe5-8054-4d99-a3fe-20c9fd21eced', 3 ),
( 'dc25286e-59c4-45e9-871d-0609346c806a', 3 ),
( '6ff8f7f7-535c-4278-9e4b-a68de6bcbd35', 3 ),
( '850d2305-92d2-4914-bdff-05803c6efa59', 3 ),
( 'afd5298f-bb60-4348-817b-807a1fa93c95', 3 ),
( 'fe861187-e53f-4238-b7d0-15f79fcc40ce', 4 ),
( '3d441d2c-e1ca-4f21-9367-cab4c57d2255', 4 ),
( 'e4a11fe5-8054-4d99-a3fe-20c9fd21eced', 4 ),
( 'dc25286e-59c4-45e9-871d-0609346c806a', 4 ),
( '6ff8f7f7-535c-4278-9e4b-a68de6bcbd35', 4 ),
( '850d2305-92d2-4914-bdff-05803c6efa59', 4 ),
( 'afd5298f-bb60-4348-817b-807a1fa93c95', 4 )
;


INSERT INTO posts.tag (id, name, description) VALUES
(1, 'JavaScript', 'Software Development Technology'),
(2, 'HTML', 'Software Development Technology'),
(3, 'CSS', 'Software Development Technology'),
(4, 'SQL', 'Software Development Technology'),
(5, 'Python', 'Software Development Technology'),
(6, 'Java', 'Software Development Technology'),
(7, 'Bash', 'Software Development Technology'),
(8, 'Shell', 'Software Development Technology'),
(9, 'PowerShell', 'Software Development Technology'),
(10, 'MariaDB', 'Software Development Technology'),
(11, 'PHP', 'Software Development Technology'),
(12, 'TypeScript', 'Software Development Technology'),
(13, 'C++', 'Software Development Technology'),
(14, 'PostgreSQL', 'Software Development Technology'),
(15, 'Go', 'Software Development Technology'),
(16, 'Kotlin', 'Software Development Technology'),
(17, 'Ruby', 'Software Development Technology'),
(18, 'Assembly', 'Software Development Technology'),
(19, 'VBA', 'Software Development Technology'),
(20, 'Swift', 'Software Development Technology'),
(21, 'R', 'Software Development Technology'),
(22, 'Rust', 'Software Development Technology'),
(23, 'Objective-C', 'Software Development Technology'),
(24, 'Dart', 'Software Development Technology'),
(25, 'Scala', 'Software Development Technology'),
(26, 'Perl', 'Software Development Technology'),
(27, 'Haskell', 'Software Development Technology'),
(28, 'Julia', 'Software Development Technology'),
(29, 'jQuery', 'Software Development Technology'),
(30, 'React.js', 'Software Development Technology'),
(31, 'Angular', 'Software Development Technology'),
(32, 'ASP.NET', 'Software Development Technology'),
(33, 'Express', 'Software Development Technology'),
(34, 'ASP.NET Core', 'Software Development Technology'),
(35, 'Vue.js', 'Software Development Technology'),
(36, 'Spring', 'Software Development Technology'),
(37, 'Angular.js', 'Software Development Technology'),
(38, 'Django', 'Software Development Technology'),
(39, 'Flask', 'Software Development Technology'),
(40, 'Laravel', 'Software Development Technology'),
(41, 'Ruby on Rails', 'Software Development Technology'),
(42, 'Symfony', 'Software Development Technology'),
(43, 'Gatsby', 'Software Development Technology'),
(44, 'Drupa', 'Software Development Technology'),
(45, 'Node.js', 'Software Development Technology'),
(46, '.NET', 'Software Development Technology'),
(47, '.NET Core', 'Software Development Technology'),
(48, 'Pandas', 'Software Development Technology'),
(49, 'TensorFlow', 'Software Development Technology'),
(50, 'React Native', 'Software Development Technology'),
(51, 'Unity 3D', 'Software Development Technology'),
(52, 'Ansible', 'Software Development Technology'),
(53, 'Flutter', 'Software Development Technology'),
(54, 'Teraform', 'Software Development Technology'),
(55, 'Keras', 'Software Development Technology'),
(56, 'Cordova', 'Software Development Technology'),
(57, 'Xamarin', 'Software Development Technology'),
(58, 'Apache Spark', 'Software Development Technology'),
(59, 'Torch', 'Software Development Technology'),
(60, 'PyTorch', 'Software Development Technology'),
(61, 'Hadoop', 'Software Development Technology'),
(62, 'Unreal Engine', 'Software Development Technology'),
(63, 'Puppet', 'Software Development Technology'),
(64, 'Chef', 'Software Development Technology'),
(65, 'MySQL', 'Software Development Technology'),
(66, 'Oracle', 'Software Development Technology'),
(67, 'Microsoft SQL Server', 'Software Development Technology'),
(68, 'SQLite', 'Software Development Technology'),
(69, 'MongoDB', 'Software Development Technology'),
(70, 'Redis', 'Software Development Technology')
;

-- Questions
INSERT INTO posts.post ( id, text, author_id, deleted_date, created_date, last_modified_date) VALUES
( 1,'Lorem ipsum dolor sit amet, consectetur adipiscing elit, sed do eiusmod tempor incididunt ut labore et dolore magna aliquaaaaaaaaaaaaaaa''
 Amet mattis vulputate enim nullaU Tempus quam pellentesque nec nam aliquam sem et tortorh Ultrices eros in cursus turpis massa tincidunt duiV Quisque id diam vel quam elementum? Egestas egestas fringilla phasellus faucibus scelerisque eleifendD Enim facilisis gravida neque convallis aZ
Eu facilisis sed odio morbi quis commodo odio aenean sedU
 Cursus risus at ultrices mi tempus imperdiet nulla, Viverra nam libero justo laoreet sit ametW Leo duis ut diam quam nulla porttitor massaj Aliquet nec ullamcorper sit amet risus nullammmmmmmmmmmmmmmmmmmmmmmmmmmmmmmmmmmmmmmmmmmmmmmmmmmmmmmmmmmmm eget feliso Sed tempus urna et pharetra pharetra massa massav
 Tincidunt lobortis feugiat vivamus at augue eget arcu4','66ed27a1-5ecc-48b0-961f-13151325a50f',null,'2013-12-13','2018-03-03' ),
( 2,'Lorem ipsum dolor sit amet, consectetur adipiscing elit, sed do eiusmod tempor incididunt ut labore et dolore magna aliquaaaaaaaaaaaaaaaaaaaaaaaaaaaaaaaaaaaaaaaaaaaaaaaaaaaaaaaaaaaaaaaaaaaaaaaaaaaaaaaaaaaaaaaaaa[
 Amet mattis vulputate enim nulla< Tempus quam pellentesque nec nam aliquam sem et tortorf Ultrices eros in cursus turpis massa tincidunt dui, Quisque id diam vel quam elementumW Egestas egestas fringilla phasellus faucibus scelerisque eleifendw Enim facilisis gravida neque convallis a
Eu facilisis sed odio morbi quis commodo odio aenean sed& Cursus risus at ultrices mi tempus imperdiet nullat Viverra nam libero justo laoreet sit ametL Leo duis ut diam quam nulla porttitor massas Aliquet nec ullamcorper sit amet risus nullammmmmmmmmmmmmmmmmmmmmmmmmmmmmmmmmmmmmmmmmmmmmmmmmmmmmmmmmmmmmmmmm eget felisL Sed tempus urna et pharetra pharetra massa massa; Tincidunt lobortis feugiat vivamus at augue eget arcuD','4743d21b-e993-4fa6-a65a-08a6afa00be5',null,'2014-02-08','2020-11-25' ),
( 3,'Lorem ipsum dolor sit amet, consectetur adipiscing elit, sed do eiusmod tempor incididunt ut labore et dolore magna aliquaaaaaaaaaaaaaaae
 Amet mattis vulputate enim nullah Tempus quam pellentesque nec nam aliquam sem et tortor{ Ultrices eros in cursus turpis massa tincidunt duip Quisque id diam vel quam elementumI Egestas egestas fringilla phasellus faucibus scelerisque eleifend* Enim facilisis gravida neque convallis aS

Eu facilisis sed odio morbi quis commodo odio aenean sed6

 Cursus risus at ultrices mi tempus imperdiet nulla| Viverra nam libero justo laoreet sit amet? Leo duis ut diam quam nulla porttitor massaq Aliquet nec ullamcorper sit amet risus nullammmmmmmmmmmmmmmmmmmmmmmmmmmmmmmmm eget felis*
 Sed tempus urna et pharetra pharetra massa massaR Tincidunt lobortis feugiat vivamus at augue eget arcu;','9c0b7f94-4ee3-4a2d-a651-bbb2778f91c8',null,'2014-10-29','2020-04-05' ),
( 4,'Lorem ipsum dolor sit amet, consectetur adipiscing elit, sed do eiusmod tempor incididunt ut labore et dolore magna aliquaaaaaaaaaaaaaaaaaaaaaaaaaaaaaaaaaaaaaaaaaaaaaaaaaaaaaaaaaaaaaaaaaaaaaaaaaaaaaaaaaaaaaaaaaaaaaam
 Amet mattis vulputate enim nullaJ Tempus quam pellentesque nec nam aliquam sem et tortor# Ultrices eros in cursus turpis massa tincidunt dui+ Quisque id diam vel quam elementumC Egestas egestas fringilla phasellus faucibus scelerisque eleifendV Enim facilisis gravida neque convallis a*

Eu facilisis sed odio morbi quis commodo odio aenean sed(
 Cursus risus at ultrices mi tempus imperdiet nulla) Viverra nam libero justo laoreet sit ametB Leo duis ut diam quam nulla porttitor massaJ Aliquet nec ullamcorper sit amet risus nullammmmmmmmmmmmmmmmmmmmmmmmmmmmmmmmmmmm eget felisN Sed tempus urna et pharetra pharetra massa massaf Tincidunt lobortis feugiat vivamus at augue eget arcus','239e0a91-2b42-41a2-9385-3c0efe9ee227',null,'2007-07-26','2018-07-31' ),
( 5,'Lorem ipsum dolor sit amet, consectetur adipiscing elit, sed do eiusmod tempor incididunt ut labore et dolore magna aliquaaaaaaaaaaaaaaaaaaaaaaaaaaaaaaaaaaaaaaaaaaaaaaaaaaaaaaaaaaaaa@
 Amet mattis vulputate enim nullae Tempus quam pellentesque nec nam aliquam sem et tortor| Ultrices eros in cursus turpis massa tincidunt duib Quisque id diam vel quam elementum  Egestas egestas fringilla phasellus faucibus scelerisque eleifend" Enim facilisis gravida neque convallis a`
Eu facilisis sed odio morbi quis commodo odio aenean sed8 Cursus risus at ultrices mi tempus imperdiet nullao Viverra nam libero justo laoreet sit amet0 Leo duis ut diam quam nulla porttitor massaI
 Aliquet nec ullamcorper sit amet risus nullammmmmmmmmmmmmmmmmmmmmmmmmmmmmmmmmmmmmmmmmmmm eget felis3 Sed tempus urna et pharetra pharetra massa massa= Tincidunt lobortis feugiat vivamus at augue eget arcuj','9efccbde-c145-484e-aa25-4c57f8131bcc',null,'2007-05-13','2020-08-14' ),
( 6,'Lorem ipsum dolor sit amet, consectetur adipiscing elit, sed do eiusmod tempor incididunt ut labore et dolore magna aliquaaaaaaaaaaaaaaaaaaaaaaaaaaaaaaaaaaaaaaaaaaaaaaaaaaaaaaaaaaaaaaaaaaaaaaaaaaaaaaaaaaa/  Amet mattis vulputate enim nullaK Tempus quam pellentesque nec nam aliquam sem et tortorZ Ultrices eros in cursus turpis massa tincidunt duiU Quisque id diam vel quam elementum= Egestas egestas fringilla phasellus faucibus scelerisque eleifend8 Enim facilisis gravida neque convallis a]
Eu facilisis sed odio morbi quis commodo odio aenean sed2

 Cursus risus at ultrices mi tempus imperdiet nullaz Viverra nam libero justo laoreet sit ametO Leo duis ut diam quam nulla porttitor massa> Aliquet nec ullamcorper sit amet risus nullammmmmmmmmmmmmmmmmmmmmmmmmmmmmmmmmmmmmmmm eget felis1
 Sed tempus urna et pharetra pharetra massa massa6
 Tincidunt lobortis feugiat vivamus at augue eget arcu5','ed3f590a-4e5d-47de-909a-7380cf9daadc',null,'2008-09-29','2015-12-29' ),
( 7,'Lorem ipsum dolor sit amet, consectetur adipiscing elit, sed do eiusmod tempor incididunt ut labore et dolore magna aliquaaaaaaaaaaaaaaaaaaaaaaaaaaaaaaaaaaaaaaaaaaaaT  Amet mattis vulputate enim nullao Tempus quam pellentesque nec nam aliquam sem et tortor= Ultrices eros in cursus turpis massa tincidunt dui9 Quisque id diam vel quam elementumh Egestas egestas fringilla phasellus faucibus scelerisque eleifendG Enim facilisis gravida neque convallis a-
Eu facilisis sed odio morbi quis commodo odio aenean sed@ Cursus risus at ultrices mi tempus imperdiet nulla+ Viverra nam libero justo laoreet sit ametR Leo duis ut diam quam nulla porttitor massa*
 Aliquet nec ullamcorper sit amet risus nullammmmmmmmmmmmmmmmmmmmmmmmmmmmmmmmmmmmmmmmmmmmmmmmmmmmmmmmmmmmmmmmm eget felisY Sed tempus urna et pharetra pharetra massa massa8 Tincidunt lobortis feugiat vivamus at augue eget arcup','4743d21b-e993-4fa6-a65a-08a6afa00be5',null,'2013-12-13','2015-12-06' ),
( 8,'Lorem ipsum dolor sit amet, consectetur adipiscing elit, sed do eiusmod tempor incididunt ut labore et dolore magna aliquaaaaaaaaaaaaaaaaaaa>  Amet mattis vulputate enim nullaB Tempus quam pellentesque nec nam aliquam sem et tortors Ultrices eros in cursus turpis massa tincidunt duin Quisque id diam vel quam elementumP Egestas egestas fringilla phasellus faucibus scelerisque eleifendJ Enim facilisis gravida neque convallis an Eu facilisis sed odio morbi quis commodo odio aenean sedq Cursus risus at ultrices mi tempus imperdiet nulla@ Viverra nam libero justo laoreet sit amet( Leo duis ut diam quam nulla porttitor massaV
 Aliquet nec ullamcorper sit amet risus nullammmmmmmmmmmmmmmmmmmmmmmmmmmmmmmmmmmmmmmmmmmmmmmmmmm eget felis1 Sed tempus urna et pharetra pharetra massa massa2
 Tincidunt lobortis feugiat vivamus at augue eget arcuO','36edd72b-d8e4-469e-9c77-75cdab686a59',null,'2013-03-30','2017-02-19' ),
( 9,'Lorem ipsum dolor sit amet, consectetur adipiscing elit, sed do eiusmod tempor incididunt ut labore et dolore magna aliquaaaaaaaaaaaaaaaaaaaaaaaaaaaaaaaaaaaaaaaaaaaaaaaaaaaaaaaaaaaaaaaaaaaaaaaa"  Amet mattis vulputate enim nullab Tempus quam pellentesque nec nam aliquam sem et tortor- Ultrices eros in cursus turpis massa tincidunt duiN Quisque id diam vel quam elementum) Egestas egestas fringilla phasellus faucibus scelerisque eleifendM Enim facilisis gravida neque convallis ax Eu facilisis sed odio morbi quis commodo odio aenean sedD Cursus risus at ultrices mi tempus imperdiet nulla_ Viverra nam libero justo laoreet sit ametW Leo duis ut diam quam nulla porttitor massak
 Aliquet nec ullamcorper sit amet risus nullammmmmmmmmmmmmmmmmmmmmmmmmmmmmmmmmmmmmmmmmmmmmmmmmmmmmmmmmmmmmmmmmmmmmmmmmmmmmmmmmmm eget felis2 Sed tempus urna et pharetra pharetra massa massa) Tincidunt lobortis feugiat vivamus at augue eget arcuo','66ed27a1-5ecc-48b0-961f-13151325a50f','2021-12-11T04:07:32.363Z','2014-04-06','2019-09-29' ),
( 10,'Lorem ipsum dolor sit amet, consectetur adipiscing elit, sed do eiusmod tempor incididunt ut labore et dolore magna aliquaaaaaaaaaaaaaaaaaaaaaaaaaaaaaaaaaN
 Amet mattis vulputate enim nullaZ Tempus quam pellentesque nec nam aliquam sem et tortorN Ultrices eros in cursus turpis massa tincidunt duil Quisque id diam vel quam elementum  Egestas egestas fringilla phasellus faucibus scelerisque eleifendI Enim facilisis gravida neque convallis ar Eu facilisis sed odio morbi quis commodo odio aenean sedI
 Cursus risus at ultrices mi tempus imperdiet nullaN Viverra nam libero justo laoreet sit ameth Leo duis ut diam quam nulla porttitor massa  Aliquet nec ullamcorper sit amet risus nullammmmmmmmmmmmmmmmmmmmmmmmmmmmmmmmmmmmmmmmmmmmmmmmmmmmmmmmmmmmmmmmmmmmmmmmmmmm eget felisY Sed tempus urna et pharetra pharetra massa massa- Tincidunt lobortis feugiat vivamus at augue eget arcu6','1b70d154-006b-4a65-91c0-754a667e1367',null,'2014-11-14','2016-11-21' ),
( 11,'Lorem ipsum dolor sit amet, consectetur adipiscing elit, sed do eiusmod tempor incididunt ut labore et dolore magna aliquaaaaaaaaaaaaaaaaaaaaaaaaaaaaaaaaaaaaaaaaaaaaaa/
 Amet mattis vulputate enim nullan Tempus quam pellentesque nec nam aliquam sem et tortor7 Ultrices eros in cursus turpis massa tincidunt dui+ Quisque id diam vel quam elementumo Egestas egestas fringilla phasellus faucibus scelerisque eleifendf Enim facilisis gravida neque convallis a=
Eu facilisis sed odio morbi quis commodo odio aenean sedY
 Cursus risus at ultrices mi tempus imperdiet nulla@ Viverra nam libero justo laoreet sit ametv Leo duis ut diam quam nulla porttitor massa& Aliquet nec ullamcorper sit amet risus nullammmmmmmmm eget felisb
 Sed tempus urna et pharetra pharetra massa massa"
 Tincidunt lobortis feugiat vivamus at augue eget arcuL','9c0b7f94-4ee3-4a2d-a651-bbb2778f91c8',null,'2007-07-05','2015-02-16' ),
( 12,'Lorem ipsum dolor sit amet, consectetur adipiscing elit, sed do eiusmod tempor incididunt ut labore et dolore magna aliquaaaaaaa{  Amet mattis vulputate enim nullaV Tempus quam pellentesque nec nam aliquam sem et tortor. Ultrices eros in cursus turpis massa tincidunt dui* Quisque id diam vel quam elementumo Egestas egestas fringilla phasellus faucibus scelerisque eleifendq Enim facilisis gravida neque convallis az Eu facilisis sed odio morbi quis commodo odio aenean sed_
 Cursus risus at ultrices mi tempus imperdiet nullay Viverra nam libero justo laoreet sit ameta Leo duis ut diam quam nulla porttitor massa&
 Aliquet nec ullamcorper sit amet risus nullammmmmmmmmmmmmmmmmmmmmmmmmmmmmmmmmmmmmmmmmmmmmmmmmmmmmmmmmmmmmmmmmmmmm eget felisu Sed tempus urna et pharetra pharetra massa massas Tincidunt lobortis feugiat vivamus at augue eget arcuA','bd31eebb-d3e6-4377-8802-1f3f53eb7cd2','2021-12-11T04:07:32.368Z','2014-03-02','2017-03-14' ),
( 13,'Lorem ipsum dolor sit amet, consectetur adipiscing elit, sed do eiusmod tempor incididunt ut labore et dolore magna aliquaaaaaaaaaaaaaaaaaaaaaaaaaaaaaaaaaaaaaaaaaaaaaaaaaaaaaaaaaa|
 Amet mattis vulputate enim nulla6 Tempus quam pellentesque nec nam aliquam sem et tortor| Ultrices eros in cursus turpis massa tincidunt duio Quisque id diam vel quam elementum} Egestas egestas fringilla phasellus faucibus scelerisque eleifend? Enim facilisis gravida neque convallis a`

Eu facilisis sed odio morbi quis commodo odio aenean sedD

 Cursus risus at ultrices mi tempus imperdiet nulla2 Viverra nam libero justo laoreet sit ametz Leo duis ut diam quam nulla porttitor massa, Aliquet nec ullamcorper sit amet risus nullammmmmmmmmmmmmmmmmmmmmmmmmmmmmmmmmmmmmmmmmmmmmmmmmmmmmm eget felisD Sed tempus urna et pharetra pharetra massa massa^
 Tincidunt lobortis feugiat vivamus at augue eget arcu,','cd8419f3-daec-49b9-9dd7-63119ed506e3',null,'2011-02-12','2018-02-19' ),
( 14,'Lorem ipsum dolor sit amet, consectetur adipiscing elit, sed do eiusmod tempor incididunt ut labore et dolore magna aliquaaaaaaaaaaaaaaaaaaaaaaaaaaaaaaaaaaaaaaaaaaaaaaaaaaaaaaaaaaaaaaaaaaO  Amet mattis vulputate enim nullaN Tempus quam pellentesque nec nam aliquam sem et tortor  Ultrices eros in cursus turpis massa tincidunt dui> Quisque id diam vel quam elementum: Egestas egestas fringilla phasellus faucibus scelerisque eleifendr Enim facilisis gravida neque convallis a8

Eu facilisis sed odio morbi quis commodo odio aenean sed''
 Cursus risus at ultrices mi tempus imperdiet nullaE Viverra nam libero justo laoreet sit amet0 Leo duis ut diam quam nulla porttitor massar
 Aliquet nec ullamcorper sit amet risus nullamm eget felis" Sed tempus urna et pharetra pharetra massa massaF
 Tincidunt lobortis feugiat vivamus at augue eget arcu"','ed3f590a-4e5d-47de-909a-7380cf9daadc',null,'2007-03-19','2017-06-06' ),
( 15,'Lorem ipsum dolor sit amet, consectetur adipiscing elit, sed do eiusmod tempor incididunt ut labore et dolore magna aliquaaaaaaaaaaaaaaaaaaaaaaaaaaaaaaaaaaaaaaaaaaaaaaaaaaaaaaaaaaaaaaaaaaaaaaa$
 Amet mattis vulputate enim nulla; Tempus quam pellentesque nec nam aliquam sem et tortorx Ultrices eros in cursus turpis massa tincidunt dui| Quisque id diam vel quam elementumc Egestas egestas fringilla phasellus faucibus scelerisque eleifende Enim facilisis gravida neque convallis a`
Eu facilisis sed odio morbi quis commodo odio aenean sedv Cursus risus at ultrices mi tempus imperdiet nulla, Viverra nam libero justo laoreet sit ametV Leo duis ut diam quam nulla porttitor massaQ Aliquet nec ullamcorper sit amet risus nullammmmmmmmmmmmmmmmmmmmmmmmmmmmmmmmmmmmmmmmmmmmmmmmmmmmmmmmmmmmmmmmmmmmmmmmmmmmmmmmmmmmmmmmmmmmmm eget felisU Sed tempus urna et pharetra pharetra massa massa/ Tincidunt lobortis feugiat vivamus at augue eget arcul','36edd72b-d8e4-469e-9c77-75cdab686a59',null,'2008-01-13','2018-05-28' )
;


INSERT INTO posts.question ( id, title, views, accepted_answer_id) VALUES
( 1,'Helloooooo  to youL Lorem ipsumLorem ipsumLorem ipsum dolor sit amet, consectetur adipiscing elit, sed do eiusmod',50161,null ),
( 2,'Hello  to youi Lorem ipsumLorem ipsumLorem ipsum dolor sit amet, consectetur adipiscing elit, sed do eiusmod',25807,null ),
( 3,'Helloo  to yout Lorem ipsumLorem ipsumLorem ipsum dolor sit amet, consectetur adipiscing elit, sed do eiusmod',10693,null ),
( 4,'Hellooo  to youu Lorem ipsumLorem ipsumLorem ipsum dolor sit amet, consectetur adipiscing elit, sed do eiusmod',16407,null ),
( 5,'Hello world? Lorem ipsumLorem ipsumLorem ipsum dolor sit amet, consectetur adipiscing elit, sed do eiusmod',59698,null ),
( 6,'Hellooooooo world0 Lorem ipsumLorem ipsumLorem ipsum dolor sit amet, consectetur adipiscing elit, sed do eiusmod',99024,null ),
( 7,'Helloooo world* Lorem ipsumLorem ipsumLorem ipsum dolor sit amet, consectetur adipiscing elit, sed do eiusmod',6193,null ),
( 8,'Helloooooo  to you% Lorem ipsumLorem ipsumLorem ipsum dolor sit amet, consectetur adipiscing elit, sed do eiusmod',49110,null ),
( 9,'Hello world2 Lorem ipsumLorem ipsumLorem ipsum dolor sit amet, consectetur adipiscing elit, sed do eiusmod',80894,null ),
( 10,'Helloooo  to youJ Lorem ipsumLorem ipsumLorem ipsum dolor sit amet, consectetur adipiscing elit, sed do eiusmod',62889,null ),
( 11,'Helloo  to you Lorem ipsumLorem ipsumLorem ipsum dolor sit amet, consectetur adipiscing elit, sed do eiusmod',49339,null ),
( 12,'Hellooooo  to youQ Lorem ipsumLorem ipsumLorem ipsum dolor sit amet, consectetur adipiscing elit, sed do eiusmod',63716,null ),
( 13,'Hell world- Lorem ipsumLorem ipsumLorem ipsum dolor sit amet, consectetur adipiscing elit, sed do eiusmod',91158,null ),
( 14,'Hell world, Lorem ipsumLorem ipsumLorem ipsum dolor sit amet, consectetur adipiscing elit, sed do eiusmod',95751,null ),
( 15,'Hello  to you0 Lorem ipsumLorem ipsumLorem ipsum dolor sit amet, consectetur adipiscing elit, sed do eiusmod',44071,null )
;

-- Answers
INSERT INTO posts.post ( id, text, author_id, deleted_date, created_date, last_modified_date) VALUES ( 16,'Lorem ipsum dolor sit amet, consectetur adipiscing elit, sed do eiusmod tempor incididunt ut labore et dolore magna aliquaaaaaaaaaaaaaaaaa8  Amet mattis vulputate enim nullal Tempus quam pellentesque nec nam aliquam sem et tortor9 Ultrices eros in cursus turpis massa tincidunt dui& Quisque id diam vel quam elementumF Egestas egestas fringilla phasellus faucibus scelerisque eleifend# Enim facilisis gravida neque convallis a) Eu facilisis sed odio morbi quis commodo odio aenean sedT

 Cursus risus at ultrices mi tempus imperdiet nullai Viverra nam libero justo laoreet sit ametk Leo duis ut diam quam nulla porttitor massaC
 Aliquet nec ullamcorper sit amet risus nullammmmmmmmmmmmmmmmmmmmmmmmmmmmmmmmmmmmmmmmmmmmmmmmmmmmmmmmmmmmmmmmmmmmmmmmmmmmmmmmmmmmmmmmmmmmm eget felisG
 Sed tempus urna et pharetra pharetra massa massaY Tincidunt lobortis feugiat vivamus at augue eget arcu} Aliquet nec ullamcorper sit amet risus nullammm eget felisw Sed tempus urna et pharetra pharetra massa massaH
g Aliquet nec ullamcorper sit amet risus nullammmmmmmmmmmmmmmmmmmmmmmmmmmmmmmmmmmmmmmmmmmmmmmmmmmmmmmmmmmmmmmmm eget felis^ Seeeeeeeeeeeeeeeeeeeeeeeeeeeeed tempus urna et pharetra pharetra massa massaaaaaaaaaaaaaaaaaaaaaaaaaaaaaaaaaaaaaaaaaaaaaG
','4743d21b-e993-4fa6-a65a-08a6afa00be5',null,'2015-08-04','2016-06-13' );
INSERT INTO posts.post ( id, text, author_id, deleted_date, created_date, last_modified_date) VALUES ( 17,'Lorem ipsum dolor sit amet, consectetur adipiscing elit, sed do eiusmod tempor incididunt ut labore et dolore magna aliquaaaaaaaaaaaaaaaaaaaaaaaaaaaaaaaaaaaaaaaaaaaaaaaaaaaaaaaaaaaaaaa6  Amet mattis vulputate enim nulla'' Tempus quam pellentesque nec nam aliquam sem et tortorJ Ultrices eros in cursus turpis massa tincidunt dui. Quisque id diam vel quam elementumT Egestas egestas fringilla phasellus faucibus scelerisque eleifend: Enim facilisis gravida neque convallis a) Eu facilisis sed odio morbi quis commodo odio aenean sedB

 Cursus risus at ultrices mi tempus imperdiet nulla/ Viverra nam libero justo laoreet sit ametE Leo duis ut diam quam nulla porttitor massaf
 Aliquet nec ullamcorper sit amet risus nullammmmmmmmmmmmmmmmmmmmmmmmmmmmmmmmmmmmmmmmmmmmmmmmmmmmmmmmmmmmmmmmmmmmmmmmmmmmmmmm eget felisG
 Sed tempus urna et pharetra pharetra massa massaI Tincidunt lobortis feugiat vivamus at augue eget arcuY Aliquet nec ullamcorper sit amet risus nullammmmmmmmmmmmmmmmmmmmmmmmmmmmmmmmmmmmmmmmmmmmmmmmmmmmmmmmmmmmmmmmmmmmmmmmmmmmmmmmmmmmmmmmmmm eget felis? Sed tempus urna et pharetra pharetra massa massatN Aliquet nec ullamcorper sit amet risus nullammmmmmmmmmmmmmmmmmmmmmmmmmmmmmmmmmmmmmmmmmmmmmmmmmmmmmmmmmmmmmmm eget felis> Seeeeeeeeeeeeeeeeeeeeeeeeeeeeeeeeeeeeeeeeeeeeeeeeeeeeeeeeeeeeeeeeeeeeeeed tempus urna et pharetra pharetra massa massaaaaaaaaaaaaaaaaaal','9c0b7f94-4ee3-4a2d-a651-bbb2778f91c8',null,'2015-04-02','2017-12-24' );
INSERT INTO posts.post ( id, text, author_id, deleted_date, created_date, last_modified_date) VALUES ( 18,'Lorem ipsum dolor sit amet, consectetur adipiscing elit, sed do eiusmod tempor incididunt ut labore et dolore magna aliquaaaaaaaaaaaaaaaaaaaaaaaaaaaaaaaaaaaaaaaaaaaaaaaaao
 Amet mattis vulputate enim nulla$ Tempus quam pellentesque nec nam aliquam sem et tortor> Ultrices eros in cursus turpis massa tincidunt duin Quisque id diam vel quam elementume Egestas egestas fringilla phasellus faucibus scelerisque eleifendO Enim facilisis gravida neque convallis a8
Eu facilisis sed odio morbi quis commodo odio aenean sedK Cursus risus at ultrices mi tempus imperdiet nullac Viverra nam libero justo laoreet sit amet: Leo duis ut diam quam nulla porttitor massa#
 Aliquet nec ullamcorper sit amet risus nullammmmmmmmmmmmmmmmmmmmmmmmmmmmmmmmmmmmmmmmmmmmmmmmmmmmmmmmmmmmmmmmmmmmmmmmmmmmmm eget felis)
 Sed tempus urna et pharetra pharetra massa massao
 Tincidunt lobortis feugiat vivamus at augue eget arcur Aliquet nec ullamcorper sit amet risus nullammmmmmmmmmmmmmmmmmmmmmmmmmmmmmmmmmmmmmmmmmmmmmmmmmmmmmmmmmmmmmmmmmmmmmmmmmmmmmmm eget felis4 Sed tempus urna et pharetra pharetra massa massa:) Aliquet nec ullamcorper sit amet risus nullammmmmmmmmmmmmmmmmmmmmmmmmmmmmmmmmmmmmmmmmmmmmmmmmmmmmmmmmmmmmmmmmmmmmmmmmmmmmmmmmmmmmmmmmmmm eget felisk
 Seeeeeeeeeeeeeeeeeeeeeeeeeeeeeeeeeeeeeeeeeeeeeeeeeeeed tempus urna et pharetra pharetra massa massaaaaaaaaaaaaaaF','9c0b7f94-4ee3-4a2d-a651-bbb2778f91c8',null,'2016-09-06','2015-04-25' );
INSERT INTO posts.post ( id, text, author_id, deleted_date, created_date, last_modified_date) VALUES ( 19,'Lorem ipsum dolor sit amet, consectetur adipiscing elit, sed do eiusmod tempor incididunt ut labore et dolore magna aliquaaaaaaaaaaaaaaaaaaaaaaaaaaaaaaaaaaaaaaaaaaaaaaaaab  Amet mattis vulputate enim nullak Tempus quam pellentesque nec nam aliquam sem et tortorv Ultrices eros in cursus turpis massa tincidunt duiZ Quisque id diam vel quam elementum4 Egestas egestas fringilla phasellus faucibus scelerisque eleifendf Enim facilisis gravida neque convallis ad
Eu facilisis sed odio morbi quis commodo odio aenean sedy
 Cursus risus at ultrices mi tempus imperdiet nulla5 Viverra nam libero justo laoreet sit ametY Leo duis ut diam quam nulla porttitor massa0
 Aliquet nec ullamcorper sit amet risus nullammmmmmmmmmmmmmmmmmmmmmm eget felis)
 Sed tempus urna et pharetra pharetra massa massa9 Tincidunt lobortis feugiat vivamus at augue eget arcuY Aliquet nec ullamcorper sit amet risus nullammmmm eget felis& Sed tempus urna et pharetra pharetra massa massa9
[ Aliquet nec ullamcorper sit amet risus nullammmmmmmmm eget felis{ Seeeeeeeeeed tempus urna et pharetra pharetra massa massaaaaaaaaaaaaX','4743d21b-e993-4fa6-a65a-08a6afa00be5',null,'2015-03-05','2019-12-18' );
INSERT INTO posts.post ( id, text, author_id, deleted_date, created_date, last_modified_date) VALUES ( 20,'Lorem ipsum dolor sit amet, consectetur adipiscing elit, sed do eiusmod tempor incididunt ut labore et dolore magna aliquaaaaaaa
 Amet mattis vulputate enim nullaw Tempus quam pellentesque nec nam aliquam sem et tortor! Ultrices eros in cursus turpis massa tincidunt duiO Quisque id diam vel quam elementum? Egestas egestas fringilla phasellus faucibus scelerisque eleifend` Enim facilisis gravida neque convallis ay
Eu facilisis sed odio morbi quis commodo odio aenean sedZ Cursus risus at ultrices mi tempus imperdiet nulla_ Viverra nam libero justo laoreet sit amet5 Leo duis ut diam quam nulla porttitor massa7

 Aliquet nec ullamcorper sit amet risus nullammmmmmmmmmmmmmmmmmmmmmmmmmmmmmmmmmmmmm eget felis{
 Sed tempus urna et pharetra pharetra massa massah Tincidunt lobortis feugiat vivamus at augue eget arcu} Aliquet nec ullamcorper sit amet risus nullammmmmmmmmmmmmmmmmmmmmmmmmmmmmmmmmmmmmmmmmmmmmmmmmmmmmmmmmmmmmmmmmmmmmmmmmmmmmmmmmmmmmmmmmmmmmmmm eget felisz Sed tempus urna et pharetra pharetra massa massaK
{ Aliquet nec ullamcorper sit amet risus nullammmmmmmmmmmmmmmmmmmmmmmmmmmmmmmmmmmmmmmmmmmmmmmmmmmmmmmmmmmmmmmmmmmmmmmmmmmmm eget felisd
 Seeeeed tempus urna et pharetra pharetra massa massaaaaaaaaaaaaaaaaaaaaaaaaaaaaaaaaaaaaaaaaaaaaaaaaaa>
','cd8419f3-daec-49b9-9dd7-63119ed506e3',null,'2014-12-17','2015-02-25' );
INSERT INTO posts.post ( id, text, author_id, deleted_date, created_date, last_modified_date) VALUES ( 21,'Lorem ipsum dolor sit amet, consectetur adipiscing elit, sed do eiusmod tempor incididunt ut labore et dolore magna aliquaaaaaaaaaaaaaaaaaaaaaaaaaaaaaaaaaaaaaaaaaaaaaaaaaak
 Amet mattis vulputate enim nullas Tempus quam pellentesque nec nam aliquam sem et tortor2 Ultrices eros in cursus turpis massa tincidunt dui Quisque id diam vel quam elementum: Egestas egestas fringilla phasellus faucibus scelerisque eleifendI Enim facilisis gravida neque convallis aU
Eu facilisis sed odio morbi quis commodo odio aenean sed2
 Cursus risus at ultrices mi tempus imperdiet nullab Viverra nam libero justo laoreet sit ameth Leo duis ut diam quam nulla porttitor massaY Aliquet nec ullamcorper sit amet risus nullammmmmmmmmmmmmmmmmmmmmmmmmmmmmmmmmmmmmmmmmmmmmmmmmmmmmmmmmmmmmmmmmmmmmmmmmmmmmmmmmmm eget felis3 Sed tempus urna et pharetra pharetra massa massaQ
 Tincidunt lobortis feugiat vivamus at augue eget arcu0 Aliquet nec ullamcorper sit amet risus nullammmmmmmmmmmmmmmmmmmmmmmmmmmmmmmmmmmmmmmmmmmmmmmmmmmmmmmmm eget felisg Sed tempus urna et pharetra pharetra massa massa3
F Aliquet nec ullamcorper sit amet risus nullammm eget felist Seeeeeeeeeeeeeeeeeeeeeeeeeeeeeeeeeeeeeeeeeeeeeeed tempus urna et pharetra pharetra massa massaaaaaaaaaaaaaaaaaaaaaaaaaaaaaaaaaaaaaaaaaaaaaaaaaaK
','4743d21b-e993-4fa6-a65a-08a6afa00be5','2021-12-11T13:36:20.766Z','2013-07-13','2016-10-10' );
INSERT INTO posts.post ( id, text, author_id, deleted_date, created_date, last_modified_date) VALUES ( 22,'Lorem ipsum dolor sit amet, consectetur adipiscing elit, sed do eiusmod tempor incididunt ut labore et dolore magna aliquaaaaaaaaaaaaaaaaaaaaaaaaaaaaaaaaaaaaaaaaaaaaaaaaaaaaaaaaaaaaaaQ
 Amet mattis vulputate enim nulla8 Tempus quam pellentesque nec nam aliquam sem et tortor# Ultrices eros in cursus turpis massa tincidunt dui$ Quisque id diam vel quam elementumg Egestas egestas fringilla phasellus faucibus scelerisque eleifendf Enim facilisis gravida neque convallis aE
Eu facilisis sed odio morbi quis commodo odio aenean sed= Cursus risus at ultrices mi tempus imperdiet nulla@ Viverra nam libero justo laoreet sit amet@ Leo duis ut diam quam nulla porttitor massa>
 Aliquet nec ullamcorper sit amet risus nullammmmmmmm eget felis3 Sed tempus urna et pharetra pharetra massa massaD Tincidunt lobortis feugiat vivamus at augue eget arcuD Aliquet nec ullamcorper sit amet risus nullammmmmmmmmmmmmmmmmmmmmmmmmmmmmmmmmmmmmmmmmmmmmmmmmmmmmmmmmmmmmmm eget felisG Sed tempus urna et pharetra pharetra massa massa&
T Aliquet nec ullamcorper sit amet risus nullammmmmmmmmmmmmmmmmmmmmmmmmmmmmmmmmmmmmmmmmmmmmmmmmmmmmmmmm eget felis(
 Seeeeeeeeeeeeeeeeeeeeeeeeeeeeeeeeeeeeeeeeeeeeeeeeeeeeeeeeeeeeeeeeeeeeeeeeeeeeeeeeeeeeeeeeeeeeeeeeeed tempus urna et pharetra pharetra massa massaaaaaaaaaaaaaaaaaaaD','9efccbde-c145-484e-aa25-4c57f8131bcc',null,'2014-08-21','2016-05-08' );
INSERT INTO posts.post ( id, text, author_id, deleted_date, created_date, last_modified_date) VALUES ( 23,'Lorem ipsum dolor sit amet, consectetur adipiscing elit, sed do eiusmod tempor incididunt ut labore et dolore magna aliquaaaaaaaaaaaaaaaaaaaaaaaaaaaaaaaaaaaaaaaaaaaaaaaaaaaaaaaaaaa;
 Amet mattis vulputate enim nulla| Tempus quam pellentesque nec nam aliquam sem et tortor` Ultrices eros in cursus turpis massa tincidunt duie Quisque id diam vel quam elementum" Egestas egestas fringilla phasellus faucibus scelerisque eleifendd Enim facilisis gravida neque convallis a9
Eu facilisis sed odio morbi quis commodo odio aenean sed* Cursus risus at ultrices mi tempus imperdiet nullah Viverra nam libero justo laoreet sit ametc Leo duis ut diam quam nulla porttitor massa_

 Aliquet nec ullamcorper sit amet risus nullammmmmmmmmmmmmmmmmmmmmmmmmmmmmmmmmmmmmmmm eget felisx Sed tempus urna et pharetra pharetra massa massa] Tincidunt lobortis feugiat vivamus at augue eget arcuT Aliquet nec ullamcorper sit amet risus nullammmmmmmmmmmmmmmmmmmmmmmmmmmmmmmmmmmmmmmmmmmmmmmmmmmmmmmmmmmmmmmmmmmmmmmmmmmmmmmmmmmmmmmmmmmmmmmmmmmm eget felisU
 Sed tempus urna et pharetra pharetra massa massa.
+ Aliquet nec ullamcorper sit amet risus nullammmmmmmmmmmmmmmmmmmmmmmmmmmmmmmm eget felis*
 Seeeeeeeeeeeeeeeeeeeeeeeeeeeeeeeeeeeeeeeeeeeeeeeeeeeeeeeeed tempus urna et pharetra pharetra massa massaaaaaaaaaaaaaaaaaaaaaaaaaaaaaaaaaaaaaaaaaaaaaaaaaaaaaaaaaaaaaaaa2','cd8419f3-daec-49b9-9dd7-63119ed506e3',null,'2013-02-13','2017-12-06' );
INSERT INTO posts.post ( id, text, author_id, deleted_date, created_date, last_modified_date) VALUES ( 24,'Lorem ipsum dolor sit amet, consectetur adipiscing elit, sed do eiusmod tempor incididunt ut labore et dolore magna aliquaaaaaaaaaaaaaaaaaaaaaaaaaaaaaaaaaaaaaaaaaaaaaaaaaaau
 Amet mattis vulputate enim nulla! Tempus quam pellentesque nec nam aliquam sem et tortor> Ultrices eros in cursus turpis massa tincidunt duig Quisque id diam vel quam elementum7 Egestas egestas fringilla phasellus faucibus scelerisque eleifend2 Enim facilisis gravida neque convallis a,
Eu facilisis sed odio morbi quis commodo odio aenean sedy
 Cursus risus at ultrices mi tempus imperdiet nulla> Viverra nam libero justo laoreet sit ametq Leo duis ut diam quam nulla porttitor massa!

 Aliquet nec ullamcorper sit amet risus nullam eget felisE Sed tempus urna et pharetra pharetra massa massaV
 Tincidunt lobortis feugiat vivamus at augue eget arcul Aliquet nec ullamcorper sit amet risus nullammmmmmmmmmmmmmmmmmmmmmmmmmmmmmmmmmmmmmmmmmmmmmmmmmmmmmmmmmmmmmmmmmmmmmmmmmmmmmmmmmmmmmmmmmmmmmmmmm eget felis>
 Sed tempus urna et pharetra pharetra massa massaf
r Aliquet nec ullamcorper sit amet risus nullammmmmmmmmmmmmmmmmmmmmmmmmmmmmmmmmmmmmmmmmmmmmmmmmmmmmmmmmmmmmmmmmmmmmmmmmmmmmmmm eget felisw
 Seeeeeeeeeeeeed tempus urna et pharetra pharetra massa massaaaaaaaaaaaaaaaaaaaaaaaaaaaaaaaaaaaaaaaaaaaaaaaaaaaaaaaaaaaaaaaaaaaaaaaaaaaaaaaaaaaaaaaaaaaaaaaaaaaaag','cd8419f3-daec-49b9-9dd7-63119ed506e3',null,'2015-09-06','2019-06-20' );
INSERT INTO posts.post ( id, text, author_id, deleted_date, created_date, last_modified_date) VALUES ( 25,'Lorem ipsum dolor sit amet, consectetur adipiscing elit, sed do eiusmod tempor incididunt ut labore et dolore magna aliquaaaaaaaaaaaaaaaaaaaaaaaaaaaaaaaaaaaaaaa-
 Amet mattis vulputate enim nulla6 Tempus quam pellentesque nec nam aliquam sem et tortorQ Ultrices eros in cursus turpis massa tincidunt duia Quisque id diam vel quam elementumb Egestas egestas fringilla phasellus faucibus scelerisque eleifend] Enim facilisis gravida neque convallis a&

Eu facilisis sed odio morbi quis commodo odio aenean sedT Cursus risus at ultrices mi tempus imperdiet nulla( Viverra nam libero justo laoreet sit ametN Leo duis ut diam quam nulla porttitor massaX

 Aliquet nec ullamcorper sit amet risus nullammmmmmmmmmmmmmmmmmmmmmmmmmmmmmmmmmmmmmmmmmmmmmmmm eget felis[ Sed tempus urna et pharetra pharetra massa massa> Tincidunt lobortis feugiat vivamus at augue eget arcux Aliquet nec ullamcorper sit amet risus nullammmmmmmmmmmmmmmmmmmmmmmmmmmmmmmmmmmmmmmmm eget felisI Sed tempus urna et pharetra pharetra massa massaw
V Aliquet nec ullamcorper sit amet risus nullammmmmmmmmmmmmmmmmmmmmmmmmmmmmmmmmmmmmmmmmmmmmmmmmmmmmmmmmmmmmmmmmmmmmmmmmmmmmmmmmmmmmmmmm eget felisD Seeeeeeeeeeeeeeeeeeeeeeeeeeeeeeeeeeeeeeeeeeeeeeeeeeeeeeeeeeeeeeeeeeeed tempus urna et pharetra pharetra massa massaaaaaaaaaaaaaaaaaaaaaaaaaaaaaaaaaaaaaaaaaaaaaaaaaaaaaaaaaaaaaaaaaaaaaaaaaaaaaaaaaaaaaaaaaaaaaax
','9efccbde-c145-484e-aa25-4c57f8131bcc',null,'2014-06-05','2020-06-10' );
INSERT INTO posts.post ( id, text, author_id, deleted_date, created_date, last_modified_date) VALUES ( 26,'Lorem ipsum dolor sit amet, consectetur adipiscing elit, sed do eiusmod tempor incididunt ut labore et dolore magna aliquaaaaaaaaaaaaaaaaaaaaaaaaaaaaaaaaaaaaaaaaaaaaaaaaaaaaaaaaaaaaaaaaaaaaaaaaaaaaaaaaaaaaaaaaa0
 Amet mattis vulputate enim nullao Tempus quam pellentesque nec nam aliquam sem et tortor{ Ultrices eros in cursus turpis massa tincidunt dui( Quisque id diam vel quam elementum> Egestas egestas fringilla phasellus faucibus scelerisque eleifendF Enim facilisis gravida neque convallis aC
Eu facilisis sed odio morbi quis commodo odio aenean sedG
 Cursus risus at ultrices mi tempus imperdiet nullaw Viverra nam libero justo laoreet sit ametS Leo duis ut diam quam nulla porttitor massa* Aliquet nec ullamcorper sit amet risus nullammmmmmmmmmmmmmmmmmmmmmmmmmmmmmmmmmmmmmmmmmmmmmmmmmmmmmmmmmmm eget felis] Sed tempus urna et pharetra pharetra massa massa1 Tincidunt lobortis feugiat vivamus at augue eget arcuq Aliquet nec ullamcorper sit amet risus nullammmmmmmmmmmmmmmm eget felisp
 Sed tempus urna et pharetra pharetra massa massao
w Aliquet nec ullamcorper sit amet risus nullammmmmmmmmmmmmmmmmmmmmmmmmmmmmmmmmmmmmmmmmmmm eget felisS Seeeeeeeeeeeeeeeeeeeeeeeeeeeeeeeeeeeeeeeeeeeeeeeeeeeeeeeeeeeeeeeeeeeeeeeeeeeeeeeeeeeeeeeeeeed tempus urna et pharetra pharetra massa massaaaaaaaaaaaaaaaaaaaaaaaaaaaaaaaaaaaaaaaaaaaaaak','cd8419f3-daec-49b9-9dd7-63119ed506e3','2021-12-11T13:36:20.775Z','2014-06-12','2016-02-10' );
INSERT INTO posts.post ( id, text, author_id, deleted_date, created_date, last_modified_date) VALUES ( 27,'Lorem ipsum dolor sit amet, consectetur adipiscing elit, sed do eiusmod tempor incididunt ut labore et dolore magna aliquaaaaaaaaaaaaaaaaaaaaaaaaaaaaaaaaaaaaaaaaaaaaaaaaaaaaaaaaaaaaaaaaaaaaaaaaaaaaa]
 Amet mattis vulputate enim nullaX Tempus quam pellentesque nec nam aliquam sem et tortor9 Ultrices eros in cursus turpis massa tincidunt dui& Quisque id diam vel quam elementumd Egestas egestas fringilla phasellus faucibus scelerisque eleifends Enim facilisis gravida neque convallis a%

Eu facilisis sed odio morbi quis commodo odio aenean sedR Cursus risus at ultrices mi tempus imperdiet nullak Viverra nam libero justo laoreet sit ameto Leo duis ut diam quam nulla porttitor massaI Aliquet nec ullamcorper sit amet risus nullammmmmmmmmmmmmmmmmmmmmmmmmmmmmmmmmmmmmmmmmmmmmmmmmmmmmmmmmmmmmmmmmmmmmmmmmmmmmmmmmmmmmmmm eget felis9
 Sed tempus urna et pharetra pharetra massa massal
 Tincidunt lobortis feugiat vivamus at augue eget arcuc Aliquet nec ullamcorper sit amet risus nullammmmmmmmmmmmmmmmmmmmmmmmmmmmmmmmmmmmmmmmmmmmmmmmmmmmmmmmmmmmmmmmmmmm eget felisH Sed tempus urna et pharetra pharetra massa massa~
B Aliquet nec ullamcorper sit amet risus nullammmmmmmmmmmmmmmmmmmmmmmmmmmmmmmmmmmmmmmmmmmmmmmmmmmmmmmmmmmmmmmm eget felis1 Seeeeeeeeeeeeeeeeeeeeeeeeeeeeeeeeeeeeeeeeeeed tempus urna et pharetra pharetra massa massaaaaaaaaaaaaaaaaaaaaaaaaaaaaaaaaaaaaaaaaaaaaaaaaaaa;','9c0b7f94-4ee3-4a2d-a651-bbb2778f91c8',null,'2016-02-20','2018-01-13' );
INSERT INTO posts.post ( id, text, author_id, deleted_date, created_date, last_modified_date) VALUES ( 28,'Lorem ipsum dolor sit amet, consectetur adipiscing elit, sed do eiusmod tempor incididunt ut labore et dolore magna aliquaaaaaaaaaaaaaaaaaaaaaaaaaaaaaaaa:  Amet mattis vulputate enim nulla- Tempus quam pellentesque nec nam aliquam sem et tortorM Ultrices eros in cursus turpis massa tincidunt dui^ Quisque id diam vel quam elementum3 Egestas egestas fringilla phasellus faucibus scelerisque eleifend= Enim facilisis gravida neque convallis a7

Eu facilisis sed odio morbi quis commodo odio aenean sed{
 Cursus risus at ultrices mi tempus imperdiet nulla" Viverra nam libero justo laoreet sit amet Leo duis ut diam quam nulla porttitor massaU
 Aliquet nec ullamcorper sit amet risus nullammmmmmmmmmmmmmmmmmmmmmmmmmmmmmmmmmmmmmmmmmmmmmmmmmmmmmmmmmmm eget felisc
 Sed tempus urna et pharetra pharetra massa massa5
 Tincidunt lobortis feugiat vivamus at augue eget arcu? Aliquet nec ullamcorper sit amet risus nullammmmmmmmmmmmmmmmmmmmmm eget felisZ Sed tempus urna et pharetra pharetra massa massa=
F Aliquet nec ullamcorper sit amet risus nullammmmmmmmmm eget felisZ Seeeeeeeeeeeeeeeeeeeeeeeeeeeeeeeeeeeeeeeeeeeeeeeeeeeeeeeeeed tempus urna et pharetra pharetra massa massaaaaaaaaaaaaaaaaaaaaaaaaaaaaaaaaaaaaaaaaaaaaaaaaaaaaaaaaaaaaaaaaaaaaaaaaaak
','9c0b7f94-4ee3-4a2d-a651-bbb2778f91c8',null,'2013-08-11','2016-05-05' );
INSERT INTO posts.post ( id, text, author_id, deleted_date, created_date, last_modified_date) VALUES ( 29,'Lorem ipsum dolor sit amet, consectetur adipiscing elit, sed do eiusmod tempor incididunt ut labore et dolore magna aliquaaaaaaaaaaaaaaaaaaaaaaaaaaaaaaaaa%
 Amet mattis vulputate enim nullaQ Tempus quam pellentesque nec nam aliquam sem et tortorC Ultrices eros in cursus turpis massa tincidunt dui, Quisque id diam vel quam elementuml Egestas egestas fringilla phasellus faucibus scelerisque eleifendm Enim facilisis gravida neque convallis a& Eu facilisis sed odio morbi quis commodo odio aenean sed'' Cursus risus at ultrices mi tempus imperdiet nulla* Viverra nam libero justo laoreet sit amet. Leo duis ut diam quam nulla porttitor massaM Aliquet nec ullamcorper sit amet risus nullammmmmmmmmmmmmmmmmmmmmmmmmmmmmmmmmmmmmmmmmmmmmmmmm eget feliso Sed tempus urna et pharetra pharetra massa massa( Tincidunt lobortis feugiat vivamus at augue eget arcu5 Aliquet nec ullamcorper sit amet risus nullammmmmmmmmmmmmmmmmmmmmmmmm eget felis6 Sed tempus urna et pharetra pharetra massa massa8
  Aliquet nec ullamcorper sit amet risus nullammmmmmmmmmmmmmmmmmmmmmmmmmmmmmmmmmmmmmmmmmmmmmmmmmmmmmmmmmmmm eget felis4 Seeeeeeeeeeeeeeeeeeeeeeeeeeeeeeeeeeeeeeeeeeeeeeeeeeeeed tempus urna et pharetra pharetra massa massaaaaaaaaaaaaaaaaaaaaaaaaaaaaaaaaaaaaaaaaaaaaaaaaaaaaaam','9efccbde-c145-484e-aa25-4c57f8131bcc',null,'2014-11-25','2017-05-18' );
INSERT INTO posts.post ( id, text, author_id, deleted_date, created_date, last_modified_date) VALUES ( 30,'Lorem ipsum dolor sit amet, consectetur adipiscing elit, sed do eiusmod tempor incididunt ut labore et dolore magna aliquaaaaaaaaaaaaaaaaaaaaaaaaaaaaaaaaaaaaaaaaaaaaaaaaaaaaaaaaaaaaaaaaaaaaaaaaaaaaaaaaaaaaaaaaaaaaaaaaaZ
 Amet mattis vulputate enim nulla[ Tempus quam pellentesque nec nam aliquam sem et tortor2 Ultrices eros in cursus turpis massa tincidunt dui} Quisque id diam vel quam elementumv Egestas egestas fringilla phasellus faucibus scelerisque eleifendh Enim facilisis gravida neque convallis a5
Eu facilisis sed odio morbi quis commodo odio aenean sedC

 Cursus risus at ultrices mi tempus imperdiet nullaa Viverra nam libero justo laoreet sit amet: Leo duis ut diam quam nulla porttitor massa; Aliquet nec ullamcorper sit amet risus nullammmmmmmmmmmmmmmmmmmm eget felisO
 Sed tempus urna et pharetra pharetra massa massa8
 Tincidunt lobortis feugiat vivamus at augue eget arcut Aliquet nec ullamcorper sit amet risus nullammmmmmmmmmmmmmmmmmmmmmmmmmmmmmmmmmmmmmmmmmmmmmmmmmmmmmmmmmmmmm eget felis) Sed tempus urna et pharetra pharetra massa massa;k Aliquet nec ullamcorper sit amet risus nullammmmmmmmm eget felisI Seeeeeed tempus urna et pharetra pharetra massa massaaaaaaaaaaaaaaaaaaaaaaaaaaaaC','4743d21b-e993-4fa6-a65a-08a6afa00be5',null,'2013-10-23','2020-07-22' );
INSERT INTO posts.post ( id, text, author_id, deleted_date, created_date, last_modified_date) VALUES ( 31,'Lorem ipsum dolor sit amet, consectetur adipiscing elit, sed do eiusmod tempor incididunt ut labore et dolore magna aliquaaaaaaaaaaaaaaaaaaaaaaaaaaaaaaaaaaaaaaaaaaaaaaaaaaaaaaaaaaaaaaaaaaaaaaaaaaaaaaaaaaaaaaaaaaaaaat  Amet mattis vulputate enim nulla! Tempus quam pellentesque nec nam aliquam sem et tortorq Ultrices eros in cursus turpis massa tincidunt duiT Quisque id diam vel quam elementuml Egestas egestas fringilla phasellus faucibus scelerisque eleifendq Enim facilisis gravida neque convallis a/
Eu facilisis sed odio morbi quis commodo odio aenean sedg
 Cursus risus at ultrices mi tempus imperdiet nullah Viverra nam libero justo laoreet sit ametE Leo duis ut diam quam nulla porttitor massan Aliquet nec ullamcorper sit amet risus nullammm eget felis*
 Sed tempus urna et pharetra pharetra massa massae
 Tincidunt lobortis feugiat vivamus at augue eget arcu4 Aliquet nec ullamcorper sit amet risus nullammmmmmmmmmmmmmmmmmmmmmmmmmmmmmmmmmmmm eget felism
 Sed tempus urna et pharetra pharetra massa massaNl Aliquet nec ullamcorper sit amet risus nullammmmmmmmmmmmmmmmmmmmmmmmmmmmmmmmmmmmmmmmmmmmmmmmmmmmmmmmmmmmmmmmmmmmmmmmmmmmmmmmmm eget felisn
 Seeeeeeeeeeeeeeeeeeeeeeeeeeeeeeeeeeeeeed tempus urna et pharetra pharetra massa massaaaaaaaaaaaaaaaaaaaaaaaaaaaaaaaaaaaaaaaaaaaaaaaaaaaaaaaaaaaaaaaaaaaad','cd8419f3-daec-49b9-9dd7-63119ed506e3','2021-12-11T13:36:20.777Z','2015-12-30','2020-11-11' );
INSERT INTO posts.post ( id, text, author_id, deleted_date, created_date, last_modified_date) VALUES ( 32,'Lorem ipsum dolor sit amet, consectetur adipiscing elit, sed do eiusmod tempor incididunt ut labore et dolore magna aliquaaaaaaaaaaaaaaaaaaaaaaaaaaaaaaaaaaaaaaaaaaaaaaaaaaaaaaaaaaaaaaaaaa8
 Amet mattis vulputate enim nulla- Tempus quam pellentesque nec nam aliquam sem et tortoro Ultrices eros in cursus turpis massa tincidunt duij Quisque id diam vel quam elementum[ Egestas egestas fringilla phasellus faucibus scelerisque eleifendN Enim facilisis gravida neque convallis a; Eu facilisis sed odio morbi quis commodo odio aenean sed_ Cursus risus at ultrices mi tempus imperdiet nullaL Viverra nam libero justo laoreet sit amet% Leo duis ut diam quam nulla porttitor massa1
 Aliquet nec ullamcorper sit amet risus nullam eget felis%
 Sed tempus urna et pharetra pharetra massa massaO
 Tincidunt lobortis feugiat vivamus at augue eget arcu/ Aliquet nec ullamcorper sit amet risus nullammmmmmmmmmmmmmmmmmmmmmmmmmmmmmmmmmmmmmmmmmmmmmmmmmmmmmmmm eget felis}
 Sed tempus urna et pharetra pharetra massa massa7] Aliquet nec ullamcorper sit amet risus nullammmmmmmmmmmmmmmmmmmmmmmmmmmmmmmmmm eget felis
 Seeeeeeeeeeeeeeeeeeeeeeeeeeeeeeeeeeeeeeeeeeeeeeeeeeeeeeeeeeeeeeeed tempus urna et pharetra pharetra massa massaaaI','ed3f590a-4e5d-47de-909a-7380cf9daadc',null,'2016-05-09','2017-06-21' );
INSERT INTO posts.post ( id, text, author_id, deleted_date, created_date, last_modified_date) VALUES ( 33,'Lorem ipsum dolor sit amet, consectetur adipiscing elit, sed do eiusmod tempor incididunt ut labore et dolore magna aliquaaaaaaaaaa,  Amet mattis vulputate enim nullao Tempus quam pellentesque nec nam aliquam sem et tortor0 Ultrices eros in cursus turpis massa tincidunt dui8 Quisque id diam vel quam elementumK Egestas egestas fringilla phasellus faucibus scelerisque eleifendf Enim facilisis gravida neque convallis aH Eu facilisis sed odio morbi quis commodo odio aenean sedv
 Cursus risus at ultrices mi tempus imperdiet nullaS Viverra nam libero justo laoreet sit ametH Leo duis ut diam quam nulla porttitor massaa

 Aliquet nec ullamcorper sit amet risus nullammmm eget felish
 Sed tempus urna et pharetra pharetra massa massaY
 Tincidunt lobortis feugiat vivamus at augue eget arcu< Aliquet nec ullamcorper sit amet risus nullammmmmmmmmmmmmmmmmmmmmmmmmmmmmmm eget felis2
 Sed tempus urna et pharetra pharetra massa massa1
) Aliquet nec ullamcorper sit amet risus nullammmmmmmmmmmmmmmmmmmmmmmmmmmmmmmmmmmmmmmmmmmmmmmmmmmmmmmmmmmmmmmmmmmmmmmmmmmmmmmm eget felisD Seeeeeeeeeeeeeeeeeeeeeeeeeeeeeeeeeeeeeeeed tempus urna et pharetra pharetra massa massaaaaaaaaaay
','ed3f590a-4e5d-47de-909a-7380cf9daadc',null,'2015-09-08','2015-09-30' );
INSERT INTO posts.post ( id, text, author_id, deleted_date, created_date, last_modified_date) VALUES ( 34,'Lorem ipsum dolor sit amet, consectetur adipiscing elit, sed do eiusmod tempor incididunt ut labore et dolore magna aliquaaaaaaaaaaaaaaaaaaaaaaaaaaaaaaaaaaaaaZ
 Amet mattis vulputate enim nullaD Tempus quam pellentesque nec nam aliquam sem et tortorw Ultrices eros in cursus turpis massa tincidunt dui& Quisque id diam vel quam elementum@ Egestas egestas fringilla phasellus faucibus scelerisque eleifendG Enim facilisis gravida neque convallis a''

Eu facilisis sed odio morbi quis commodo odio aenean sedI Cursus risus at ultrices mi tempus imperdiet nulla  Viverra nam libero justo laoreet sit ametj Leo duis ut diam quam nulla porttitor massap Aliquet nec ullamcorper sit amet risus nullammmmmmmmmmmmmmmmmmmmmmmmmmmmmm eget felisP
 Sed tempus urna et pharetra pharetra massa massab
 Tincidunt lobortis feugiat vivamus at augue eget arcuX Aliquet nec ullamcorper sit amet risus nullammmmmmmmmmmmmmmmmmmmmmmmmmmmmmmmmmmmmmmmmmmmmmmmmmmmmmmmmmmmmmmmmmmmmmmmmmmmmmmmmmmmmmmmmmmmmmmmmmmmm eget felis9 Sed tempus urna et pharetra pharetra massa massa) Aliquet nec ullamcorper sit amet risus nullammmmmmmmmmmmmmmmmmmmm eget felisl
 Seeeeeeeeeeeeeeeeeeeeeeeeeeeeeeed tempus urna et pharetra pharetra massa massaaaac','cd8419f3-daec-49b9-9dd7-63119ed506e3',null,'2015-05-01','2020-09-24' );
INSERT INTO posts.post ( id, text, author_id, deleted_date, created_date, last_modified_date) VALUES ( 35,'Lorem ipsum dolor sit amet, consectetur adipiscing elit, sed do eiusmod tempor incididunt ut labore et dolore magna aliquaaaaaaaaaaaaaaaaaaaaaaaaaaaaaaaaaaaaaaaaaaaaaaaaaaaaaaaaaaaaaaaaaaaaaaaaaaaaaaaaaaaaaaaaaaaaaaC  Amet mattis vulputate enim nulla= Tempus quam pellentesque nec nam aliquam sem et tortorg Ultrices eros in cursus turpis massa tincidunt dui Quisque id diam vel quam elementumL Egestas egestas fringilla phasellus faucibus scelerisque eleifend] Enim facilisis gravida neque convallis a1 Eu facilisis sed odio morbi quis commodo odio aenean sed|
 Cursus risus at ultrices mi tempus imperdiet nulla, Viverra nam libero justo laoreet sit amet@ Leo duis ut diam quam nulla porttitor massa8
 Aliquet nec ullamcorper sit amet risus nullammmmmmmmmmmmmmmmmmmmmmmmmmmmmmmmmmmmmmmmmmmmmmmmmmmmmmmmmmmmmmmmmmmmmmm eget felis-
 Sed tempus urna et pharetra pharetra massa massa< Tincidunt lobortis feugiat vivamus at augue eget arcuI Aliquet nec ullamcorper sit amet risus nullammmmmmm eget felis]
 Sed tempus urna et pharetra pharetra massa massa''
5 Aliquet nec ullamcorper sit amet risus nullammmmmmmmmmmmmmmmmmmmmmmmmmmmmmmmmmmmmmmmmmmmmmmmmmmmmmmmmmmmmmmmmmmmmmmmmmmmmmmmmmmmmmmmmm eget felis- Seeeeeeeeeeeeeeeeeeeeeeeeeeeeeeeeeeeeeeeeeed tempus urna et pharetra pharetra massa massaaaaaaaaaaaaaaaaaaaaaaaaaaaaaaaaaaaaaaaaaaaaW','ed3f590a-4e5d-47de-909a-7380cf9daadc','2021-12-11T13:36:20.779Z','2014-08-12','2016-06-10' );
INSERT INTO posts.post ( id, text, author_id, deleted_date, created_date, last_modified_date) VALUES ( 36,'Lorem ipsum dolor sit amet, consectetur adipiscing elit, sed do eiusmod tempor incididunt ut labore et dolore magna aliquaaaaaaaaaaaaaaaaaaaaaaaaaa}  Amet mattis vulputate enim nullaV Tempus quam pellentesque nec nam aliquam sem et tortorV Ultrices eros in cursus turpis massa tincidunt duiV Quisque id diam vel quam elementuma Egestas egestas fringilla phasellus faucibus scelerisque eleifend6 Enim facilisis gravida neque convallis aa Eu facilisis sed odio morbi quis commodo odio aenean sedi

 Cursus risus at ultrices mi tempus imperdiet nullai Viverra nam libero justo laoreet sit ametd Leo duis ut diam quam nulla porttitor massa2 Aliquet nec ullamcorper sit amet risus nullammmmmmmmmmmmmmmmmmmmmmmmmmmmmmmmmmmmmmmmmmmmmmmmmmmmmmmmmmmmmmmmmmmmmmmmmmmmmmmmmmmmmmmmmmmmmmmm eget felis}
 Sed tempus urna et pharetra pharetra massa massa^
 Tincidunt lobortis feugiat vivamus at augue eget arcu/ Aliquet nec ullamcorper sit amet risus nullammmmmmmmmmmmmmmmmmmmmmmmmmmm eget felis
 Sed tempus urna et pharetra pharetra massa massa3w Aliquet nec ullamcorper sit amet risus nullammmmmmmmmmmmmmmmmmmmmmmmmmmmmmmmmmmmmmmmmmmmmmmmmmmmmmmmmmmmmmmmmmmmmmmmmmmmmmmmmmmmmmmmmmmmmmmmmm eget felisK
 Seeeeeeeeeeeeeeeeeeeeeeeeeeeeeeeeeeeeeeeeeeeeeeeeeeeeeeeeeeeeeeeeeeeeeeeeeeeeed tempus urna et pharetra pharetra massa massaaaaaaaaaaaaaaaaaaaaaaaaaaaaaaaaaaaaaaaaaaaaaaaaaaaaaaaaaaaaaaaaaaaaaaa4','cd8419f3-daec-49b9-9dd7-63119ed506e3',null,'2015-09-25','2016-05-17' );
INSERT INTO posts.post ( id, text, author_id, deleted_date, created_date, last_modified_date) VALUES ( 37,'Lorem ipsum dolor sit amet, consectetur adipiscing elit, sed do eiusmod tempor incididunt ut labore et dolore magna aliquaaaaaaaaaaaaaaaaaaaaa9
 Amet mattis vulputate enim nullaf Tempus quam pellentesque nec nam aliquam sem et tortor` Ultrices eros in cursus turpis massa tincidunt dui0 Quisque id diam vel quam elementumD Egestas egestas fringilla phasellus faucibus scelerisque eleifend@ Enim facilisis gravida neque convallis aW Eu facilisis sed odio morbi quis commodo odio aenean sed4 Cursus risus at ultrices mi tempus imperdiet nullaP Viverra nam libero justo laoreet sit ameth Leo duis ut diam quam nulla porttitor massa>
 Aliquet nec ullamcorper sit amet risus nullammmmmmmmmmmmmmmmmmmmmmmmmmmmmmmmmmmmmmmmmmmmmmmmmm eget feliso
 Sed tempus urna et pharetra pharetra massa massaE Tincidunt lobortis feugiat vivamus at augue eget arcu< Aliquet nec ullamcorper sit amet risus nullammmmmmmmmmmmmmmmmmmmmmmmmmmmmm eget felisn Sed tempus urna et pharetra pharetra massa massaX
f Aliquet nec ullamcorper sit amet risus nullammmmmmmmmmmmmmmmmmmmmmmm eget felis_
 Seeeeeeeeeeeeeeeeeeeeeeeeeeeeeeeeed tempus urna et pharetra pharetra massa massaaaaaaaaaaaaaaaaaaaaaaaaaaaaaaaaaaaaaaaaaaaaaaaaaaaaaaaaaaaaaa2
','4743d21b-e993-4fa6-a65a-08a6afa00be5',null,'2015-10-07','2020-05-18' );
INSERT INTO posts.post ( id, text, author_id, deleted_date, created_date, last_modified_date) VALUES ( 38,'Lorem ipsum dolor sit amet, consectetur adipiscing elit, sed do eiusmod tempor incididunt ut labore et dolore magna aliquaaaaaaaaaaaaaaa  Amet mattis vulputate enim nulla- Tempus quam pellentesque nec nam aliquam sem et tortor7 Ultrices eros in cursus turpis massa tincidunt dui" Quisque id diam vel quam elementumS Egestas egestas fringilla phasellus faucibus scelerisque eleifend# Enim facilisis gravida neque convallis a`
Eu facilisis sed odio morbi quis commodo odio aenean sed}

 Cursus risus at ultrices mi tempus imperdiet nullaG Viverra nam libero justo laoreet sit amet< Leo duis ut diam quam nulla porttitor massam

 Aliquet nec ullamcorper sit amet risus nullammmmmmmmmmmmmmmmmmmmmmmmmmmmmmmmmmmmmmmmmmmmmmmmmmmmmmmmmmmmmmmmmmmmmmmmmmmmmmmmmmmmmmmmmmmmmmm eget felis. Sed tempus urna et pharetra pharetra massa massa[ Tincidunt lobortis feugiat vivamus at augue eget arcu> Aliquet nec ullamcorper sit amet risus nullammmmmmmmmmmmmmmmmmmmmmmmmmmmmmmmmmmmmmmmmmmmmmmmmmmmmmmmmmmmmmmmmmmmmmmmmmmmmmmmmmmmmmmmmmmmmmmmmm eget felisv Sed tempus urna et pharetra pharetra massa massai6 Aliquet nec ullamcorper sit amet risus nullammmmmmmmmmmmmmmmmmmmmmmmmmmmmmmmmmmmmmmmmmmmmmmmmmmmmmmmmmmmmmmmmmmmmmmmmmmmmmmmmmm eget felis1
 Seeeeeeeeeeeeeeeeeeeeeeeeeeeeeeeeeeeeeeeeeeeeeeeeeeeeeeeeeeeeeeeeeeeeeeeeed tempus urna et pharetra pharetra massa massaaaaaaaaaaaaaaaaaaaaaaaaaaaaaaaaaaaaaaaaaaaaaaaaaaaaaaaaaaaaaaaaaaaaaaaaaaaaaaaaaaaaX
','9c0b7f94-4ee3-4a2d-a651-bbb2778f91c8',null,'2015-12-04','2017-07-13' );
INSERT INTO posts.post ( id, text, author_id, deleted_date, created_date, last_modified_date) VALUES ( 39,'Lorem ipsum dolor sit amet, consectetur adipiscing elit, sed do eiusmod tempor incididunt ut labore et dolore magna aliquaaaaaaaaaaaaaaaaaaaaaaaaaaaaaaaaaaaaaaaaaaaaaaaaaaaaaaa~
 Amet mattis vulputate enim nullaq Tempus quam pellentesque nec nam aliquam sem et tortory Ultrices eros in cursus turpis massa tincidunt duiJ Quisque id diam vel quam elementum/ Egestas egestas fringilla phasellus faucibus scelerisque eleifendn Enim facilisis gravida neque convallis ab Eu facilisis sed odio morbi quis commodo odio aenean sed0
 Cursus risus at ultrices mi tempus imperdiet nulla, Viverra nam libero justo laoreet sit amet< Leo duis ut diam quam nulla porttitor massa, Aliquet nec ullamcorper sit amet risus nullammmmmmmmmmmmmmmmmmmmmmmmmmmmmmmmmmmmmmmm eget felisz Sed tempus urna et pharetra pharetra massa massa[ Tincidunt lobortis feugiat vivamus at augue eget arcu& Aliquet nec ullamcorper sit amet risus nullammmmmmmmmmmmmmmmmmmmmmmmmmmmmmmmmmmmmmmmmmmmmmmmmmmmmm eget felis? Sed tempus urna et pharetra pharetra massa massa&e Aliquet nec ullamcorper sit amet risus nullammmmmmmmmmmmmmmmmmmmmmmmmmmmmmmmmmmmmmmmmmmmmmmmmmmmmmmmmmmmmmm eget felis~
 Seeeeeed tempus urna et pharetra pharetra massa massaaaaaaaaaaaaaaaaaaaaaaaaaaaaaaaaaaaaaaaaaaaaaaaaaaaaaaa6','9efccbde-c145-484e-aa25-4c57f8131bcc',null,'2014-02-10','2018-04-10' );
INSERT INTO posts.post ( id, text, author_id, deleted_date, created_date, last_modified_date) VALUES ( 40,'Lorem ipsum dolor sit amet, consectetur adipiscing elit, sed do eiusmod tempor incididunt ut labore et dolore magna aliquaaaaaaaaaaaaaaaaaaaaaaaaaaaaaaaaaaaaaaaaaaaaaaaaaaaaaaaaaaaaaaaaaaaaaaaaaaaaaaaaaaaf
 Amet mattis vulputate enim nullaa Tempus quam pellentesque nec nam aliquam sem et tortor6 Ultrices eros in cursus turpis massa tincidunt duis Quisque id diam vel quam elementum" Egestas egestas fringilla phasellus faucibus scelerisque eleifendW Enim facilisis gravida neque convallis ar Eu facilisis sed odio morbi quis commodo odio aenean sedF

 Cursus risus at ultrices mi tempus imperdiet nullam Viverra nam libero justo laoreet sit amet` Leo duis ut diam quam nulla porttitor massa< Aliquet nec ullamcorper sit amet risus nullammmmmmmmmmmmmmmmmmmmmmmmmmmmmmmmmmmmmmmmmmmmmmmmmmmmmmmmm eget felis(
 Sed tempus urna et pharetra pharetra massa massa(
 Tincidunt lobortis feugiat vivamus at augue eget arcue Aliquet nec ullamcorper sit amet risus nullammmmmmmmmmmmmmmmmm eget felis@
 Sed tempus urna et pharetra pharetra massa massao
0 Aliquet nec ullamcorper sit amet risus nullammmmmmmmm eget felisZ Seeeeeeeed tempus urna et pharetra pharetra massa massaaaaaaaaaaaaaaaaaaa]
','9efccbde-c145-484e-aa25-4c57f8131bcc',null,'2016-06-09','2020-07-11' );
INSERT INTO posts.post ( id, text, author_id, deleted_date, created_date, last_modified_date) VALUES ( 41,'Lorem ipsum dolor sit amet, consectetur adipiscing elit, sed do eiusmod tempor incididunt ut labore et dolore magna aliquaaaaaaaaaaaaaaaaaaaaaaaaaaaaaaaaaaaaaaaaaaaaaaaaaaaaaaaaaaaaaaaaaaaaaaaaaaaaaq
 Amet mattis vulputate enim nulla{ Tempus quam pellentesque nec nam aliquam sem et tortor0 Ultrices eros in cursus turpis massa tincidunt dui! Quisque id diam vel quam elementum@ Egestas egestas fringilla phasellus faucibus scelerisque eleifendp Enim facilisis gravida neque convallis a.

Eu facilisis sed odio morbi quis commodo odio aenean sedh
 Cursus risus at ultrices mi tempus imperdiet nulla` Viverra nam libero justo laoreet sit ametR Leo duis ut diam quam nulla porttitor massaQ

 Aliquet nec ullamcorper sit amet risus nullammmmmmmmmmmmmmmmmmmmmmmmmmmmmmmmmmmmmmmmmmmmmmmmmmmmmmmmmmmmmmmmmmmmmmmmmmmmmmmmmmmmmmmm eget felis_ Sed tempus urna et pharetra pharetra massa massas
 Tincidunt lobortis feugiat vivamus at augue eget arcuj Aliquet nec ullamcorper sit amet risus nullammmmmmmmmmmmmmmmmmmmmmmmmmmmmmmmmmmmmmmmmmmm eget felisH Sed tempus urna et pharetra pharetra massa massaD
3 Aliquet nec ullamcorper sit amet risus nullammmmmmmmmmmmmmmmmmmmmmmmmmmmmmmmmmmmmmmmmmmmmmmmmmmmmmmmmmmmmmmmmmmmmmmmmmmmm eget felis(
 Seeeeeeeeeeeeeeeeeeeeeeeeeeeeeeeeeeeeeeeeeeeeeeed tempus urna et pharetra pharetra massa massaaaaaaaaaaaaaaaaaaaaaaaaaaaaaaaaaa~','bd31eebb-d3e6-4377-8802-1f3f53eb7cd2','2021-12-11T13:36:20.782Z','2013-06-23','2020-09-10' );
INSERT INTO posts.post ( id, text, author_id, deleted_date, created_date, last_modified_date) VALUES ( 42,'Lorem ipsum dolor sit amet, consectetur adipiscing elit, sed do eiusmod tempor incididunt ut labore et dolore magna aliquaaaaaaaaaaaaaaaaaaaaaaaaaaaaaaaaaaaaaaaaaaaaaaaaaaaaaaaaaaaaaaaaaaaaaaaaaaaaaa7
 Amet mattis vulputate enim nulla* Tempus quam pellentesque nec nam aliquam sem et tortor> Ultrices eros in cursus turpis massa tincidunt dui( Quisque id diam vel quam elementumB Egestas egestas fringilla phasellus faucibus scelerisque eleifendB Enim facilisis gravida neque convallis a= Eu facilisis sed odio morbi quis commodo odio aenean sedJ

 Cursus risus at ultrices mi tempus imperdiet nulla* Viverra nam libero justo laoreet sit ametI Leo duis ut diam quam nulla porttitor massar Aliquet nec ullamcorper sit amet risus nullammmmmmmmmmmmmmmmmmmmmmmmmmmmmmmmmmmmmmmmmmmmmmmmmmmmmmmmmmmmmmmmmmmmmmmmmmmmmmmmmmmmmmm eget felisx Sed tempus urna et pharetra pharetra massa massaR Tincidunt lobortis feugiat vivamus at augue eget arcuD Aliquet nec ullamcorper sit amet risus nullammmmmmmmmmmmmmmmmmmmmmmmmmmmmmmmmmmmmmmmmmmmmmmmmmmmmmmmmmmmmmmmmmmmmmmmmmmmmmmmmmmmmmmmmmmmmmmmmmmm eget felis1
 Sed tempus urna et pharetra pharetra massa massa0
p Aliquet nec ullamcorper sit amet risus nullammmmmmmmmmmm eget felis8 Seeeeeeeeeeeeeeeeeeeeeeeed tempus urna et pharetra pharetra massa massaaaaaaaaaaaaaaaaaaaaaaaaaaaaaaaaaaaaaaaaaaaaaaaaaaaaaaaaaaaaaaaaaaaau','9efccbde-c145-484e-aa25-4c57f8131bcc',null,'2014-02-08','2020-10-11' );
INSERT INTO posts.post ( id, text, author_id, deleted_date, created_date, last_modified_date) VALUES ( 43,'Lorem ipsum dolor sit amet, consectetur adipiscing elit, sed do eiusmod tempor incididunt ut labore et dolore magna aliquaaaaaaaaaaaaaaaaaaaaaB
 Amet mattis vulputate enim nulla'' Tempus quam pellentesque nec nam aliquam sem et tortorp Ultrices eros in cursus turpis massa tincidunt duii Quisque id diam vel quam elementumn Egestas egestas fringilla phasellus faucibus scelerisque eleifend: Enim facilisis gravida neque convallis aq
Eu facilisis sed odio morbi quis commodo odio aenean sed
 Cursus risus at ultrices mi tempus imperdiet nullaV Viverra nam libero justo laoreet sit ametw Leo duis ut diam quam nulla porttitor massam

 Aliquet nec ullamcorper sit amet risus nullammmmmmmmmmmmmmmmmmmmmmmmmmmmmmmmmmmmmmmmmmmmmmmmmmmmmmmmmmmmmmmmmmm eget felisj Sed tempus urna et pharetra pharetra massa massa& Tincidunt lobortis feugiat vivamus at augue eget arcu/ Aliquet nec ullamcorper sit amet risus nullammmmmmmmmmmmmmmmmmmmmmmmmmmmmmmmmmmmmmmmmmmmmmmmmmmm eget felis;
 Sed tempus urna et pharetra pharetra massa massaa
Z Aliquet nec ullamcorper sit amet risus nullammmmmmmmmmmmmmmmmmmmmmmmmmmmmmmmmmmmmmmmmmmmmmmmmmmmmmmmmmmmmmmmmmmmmmmmmmmmmmmmmmmmmmmm eget felis?
 Sed tempus urna et pharetra pharetra massa massaaaaaaaaaaaaaaaaaaaaaaaaaaaaaaaaaaaaaaaaaaaaaaaaaaaaaaaaaaaaaaaaaaaaaaaaaaaaaaaP','4743d21b-e993-4fa6-a65a-08a6afa00be5','2021-12-11T13:36:20.785Z','2016-12-22','2020-07-06' );
INSERT INTO posts.post ( id, text, author_id, deleted_date, created_date, last_modified_date) VALUES ( 44,'Lorem ipsum dolor sit amet, consectetur adipiscing elit, sed do eiusmod tempor incididunt ut labore et dolore magna aliquaaaaaaaaaaaaaaaaaaaaaaaaaaaaaaaaaaaaaaaaaaaaaaaaaaaaaaaaaaaaaaaaaad
 Amet mattis vulputate enim nulla} Tempus quam pellentesque nec nam aliquam sem et tortorx Ultrices eros in cursus turpis massa tincidunt dui/ Quisque id diam vel quam elementumc Egestas egestas fringilla phasellus faucibus scelerisque eleifendk Enim facilisis gravida neque convallis al

Eu facilisis sed odio morbi quis commodo odio aenean sed8 Cursus risus at ultrices mi tempus imperdiet nullaH Viverra nam libero justo laoreet sit amet8 Leo duis ut diam quam nulla porttitor massah

 Aliquet nec ullamcorper sit amet risus nullammmmmmmmmmmmm eget feliss Sed tempus urna et pharetra pharetra massa massa" Tincidunt lobortis feugiat vivamus at augue eget arcuK Aliquet nec ullamcorper sit amet risus nullammmmmmmmmmmmmmmmmmmmmmmmmmmmmmmmmmmmmmmmmmmmmmmmmmmmmmmmmm eget felis; Sed tempus urna et pharetra pharetra massa massa}g Aliquet nec ullamcorper sit amet risus nullammmmmmmmmmmmmmmmmmmmmmmmmmmmmmmmmmmmmmmmmmmm eget felis? Seeeeeeeeeeeeeeeeeeeeeeeeeeeeeeeeeeeeeeeeeeeeeeeeeeeeeeeeed tempus urna et pharetra pharetra massa massaaaaaaaaaaaaau
','cd8419f3-daec-49b9-9dd7-63119ed506e3',null,'2013-09-23','2019-04-18' );
INSERT INTO posts.post ( id, text, author_id, deleted_date, created_date, last_modified_date) VALUES ( 45,'Lorem ipsum dolor sit amet, consectetur adipiscing elit, sed do eiusmod tempor incididunt ut labore et dolore magna aliquaaaaaaaaaaaaaaaaaaaaaaaaaaaaaaaaaaaaaaaaaaaaaaaaaaaaaaaaaaaaaaaaaaaaaaaaaaaaaaaaaaaaaaaaaaaaaaaaaa,
 Amet mattis vulputate enim nulla) Tempus quam pellentesque nec nam aliquam sem et tortoru Ultrices eros in cursus turpis massa tincidunt duio Quisque id diam vel quam elementum? Egestas egestas fringilla phasellus faucibus scelerisque eleifend| Enim facilisis gravida neque convallis ax Eu facilisis sed odio morbi quis commodo odio aenean sed,
 Cursus risus at ultrices mi tempus imperdiet nulla4 Viverra nam libero justo laoreet sit ametj Leo duis ut diam quam nulla porttitor massaH

 Aliquet nec ullamcorper sit amet risus nullammmmmmmmmmmmmmmmmmmmmmmmmmmmmmmmmmmmmmmmmmmmmmmmmmmmmmmmmmmmmmmmmmm eget felisy
 Sed tempus urna et pharetra pharetra massa massa3
 Tincidunt lobortis feugiat vivamus at augue eget arcu} Aliquet nec ullamcorper sit amet risus nullammmmmmmmmmmmmmmmmmmmmmmmmmmmmmmmmmmmmmmmmmmmmmmmmmmmmmmmmmmmmmmmmmmmmmmmmmmmmmmmmmmmmmmmmmmm eget feliso
 Sed tempus urna et pharetra pharetra massa massaw
n Aliquet nec ullamcorper sit amet risus nullammmmmmmmmmmmmmmmmmmmmmmmmmmmmmmmmmmmmmm eget felisf
 Seeeeeeeeeeeeeeeeeeeeeeeeeeeeeeeeeeeeeed tempus urna et pharetra pharetra massa massaaaaaaaaaaaaaaaaaaaaaaaaaB','cd8419f3-daec-49b9-9dd7-63119ed506e3',null,'2015-11-08','2018-05-05' );
INSERT INTO posts.post ( id, text, author_id, deleted_date, created_date, last_modified_date) VALUES ( 46,'Lorem ipsum dolor sit amet, consectetur adipiscing elit, sed do eiusmod tempor incididunt ut labore et dolore magna aliquaaaaaaaaaaaaaaaaaaaaaaaaaaaaaaaaaaaaaaaaaaaaaaaaaaaaaaaaaaaaaaaaaaaaaaH
 Amet mattis vulputate enim nulla% Tempus quam pellentesque nec nam aliquam sem et tortorW Ultrices eros in cursus turpis massa tincidunt duii Quisque id diam vel quam elementum| Egestas egestas fringilla phasellus faucibus scelerisque eleifend. Enim facilisis gravida neque convallis a(
Eu facilisis sed odio morbi quis commodo odio aenean sedu
 Cursus risus at ultrices mi tempus imperdiet nulla/ Viverra nam libero justo laoreet sit amet1 Leo duis ut diam quam nulla porttitor massa1

 Aliquet nec ullamcorper sit amet risus nullammmmmmmmmmmmmmmmmmmmmmmmmmmmmmmmmmmmmmmm eget felis= Sed tempus urna et pharetra pharetra massa massaV Tincidunt lobortis feugiat vivamus at augue eget arcuV Aliquet nec ullamcorper sit amet risus nullammmmmmmmmmmmmmmmmm eget felis)
 Sed tempus urna et pharetra pharetra massa massa=
] Aliquet nec ullamcorper sit amet risus nullam eget felisT
 Seeeeeeeeeeeeeeeeeeeeeeeeeeeeeeeeeeeeeeeeeeeeeeeeeeeeeeeeeeeeeeeeeeeeeeeeeed tempus urna et pharetra pharetra massa massaaaaaaaaaaaar','9c0b7f94-4ee3-4a2d-a651-bbb2778f91c8',null,'2014-06-12','2020-10-01' );
INSERT INTO posts.post ( id, text, author_id, deleted_date, created_date, last_modified_date) VALUES ( 47,'Lorem ipsum dolor sit amet, consectetur adipiscing elit, sed do eiusmod tempor incididunt ut labore et dolore magna aliquaaaaaaaaaaaaaaaaaaaaaaaaaaaaaaaaaaaaaaaaaaaaaaaaaaaaaaaaaaaaaaaa<
 Amet mattis vulputate enim nulla_ Tempus quam pellentesque nec nam aliquam sem et tortori Ultrices eros in cursus turpis massa tincidunt dui< Quisque id diam vel quam elementum` Egestas egestas fringilla phasellus faucibus scelerisque eleifendV Enim facilisis gravida neque convallis a@
Eu facilisis sed odio morbi quis commodo odio aenean sed^ Cursus risus at ultrices mi tempus imperdiet nulla{ Viverra nam libero justo laoreet sit ametl Leo duis ut diam quam nulla porttitor massa9 Aliquet nec ullamcorper sit amet risus nullammmmmmmmmmmmmmmmmmmmmmmmmmmmmmmmmmmmmmmmmmmmmmmmmmmmmmmmmmmmmmmmmmmmmmmmmmmmmmmmmmmmmmmmmmmmmmmm eget felisL Sed tempus urna et pharetra pharetra massa massa< Tincidunt lobortis feugiat vivamus at augue eget arcu* Aliquet nec ullamcorper sit amet risus nullammmmmmmmmmmmmmmmmmmmmmmmmmmmmmmmmmmmmmmmmmmmmmmmmmmmmmmmmmmmmmmmmmmmmmmmmmmmmmmmmmmmmmmmmmmmmmmmm eget felisz
 Sed tempus urna et pharetra pharetra massa massa02 Aliquet nec ullamcorper sit amet risus nullammmmmmmmmmmmmmmmmmmmmmmmmmmmmmmmmmmmmmmmmmmmmmmmmmmmmmmmmmmmmmmmmmmmmm eget felis4 Seeeeeeeeeeeeeeeeeeeeeeeeeeeeeeeeeeeeeeeeeeeeeeeeeeeeeeeeeeeeeeeeeeeed tempus urna et pharetra pharetra massa massaaaaaaaaaaaaaaaaaaaaaaaaaaaaaaaaaaa
','cd8419f3-daec-49b9-9dd7-63119ed506e3',null,'2016-06-20','2020-05-25' );
INSERT INTO posts.post ( id, text, author_id, deleted_date, created_date, last_modified_date) VALUES ( 48,'Lorem ipsum dolor sit amet, consectetur adipiscing elit, sed do eiusmod tempor incididunt ut labore et dolore magna aliquaaaaaaaaaaaaaaaaaaaaaaaaaaaaaaaaaaaaaaaaaaaaaaaaaaaaaaaaaaaaaaaaaaaaaaaaaaaaaaaaaaaaaaaaaaF
 Amet mattis vulputate enim nulla4 Tempus quam pellentesque nec nam aliquam sem et tortorV Ultrices eros in cursus turpis massa tincidunt duit Quisque id diam vel quam elementum| Egestas egestas fringilla phasellus faucibus scelerisque eleifendS Enim facilisis gravida neque convallis a}

Eu facilisis sed odio morbi quis commodo odio aenean sedX

 Cursus risus at ultrices mi tempus imperdiet nulla% Viverra nam libero justo laoreet sit ametW Leo duis ut diam quam nulla porttitor massa|

 Aliquet nec ullamcorper sit amet risus nullammmmmmmmmmmmmmmmmm eget felisp
 Sed tempus urna et pharetra pharetra massa massa8 Tincidunt lobortis feugiat vivamus at augue eget arcur Aliquet nec ullamcorper sit amet risus nullammmmmmmmmmmmmmmmmmmmmmmmmmm eget felis?
 Sed tempus urna et pharetra pharetra massa massaW6 Aliquet nec ullamcorper sit amet risus nullammmmmmmmmmmmmmmmmmmmmmmmmmmmmmmmmmmmmmmmmmmmmmmmmmmmmmmmmmmmmmmmmmmmmmmmmmmmm eget felisb
 Seeeeeeeeeeeeeeeed tempus urna et pharetra pharetra massa massaaaaaaaaaaaaaaaaaaaaaaaaaaaaaaaaaaaaaaaaaaaaaaaaaaaaaaaaaaaaaaa*','4743d21b-e993-4fa6-a65a-08a6afa00be5',null,'2015-12-16','2018-11-10' );
INSERT INTO posts.post ( id, text, author_id, deleted_date, created_date, last_modified_date) VALUES ( 49,'Lorem ipsum dolor sit amet, consectetur adipiscing elit, sed do eiusmod tempor incididunt ut labore et dolore magna aliquaaaaaaaaaaaaaaaaaaaaaaaaaaaaaaaaaaaaaaaaaaaaaQ
 Amet mattis vulputate enim nulla} Tempus quam pellentesque nec nam aliquam sem et tortor0 Ultrices eros in cursus turpis massa tincidunt duiM Quisque id diam vel quam elementump Egestas egestas fringilla phasellus faucibus scelerisque eleifends Enim facilisis gravida neque convallis a_
Eu facilisis sed odio morbi quis commodo odio aenean sedl
 Cursus risus at ultrices mi tempus imperdiet nulla5 Viverra nam libero justo laoreet sit amet7 Leo duis ut diam quam nulla porttitor massa_ Aliquet nec ullamcorper sit amet risus nullammmmmmmmmmmmmmmmmmmmmmmmmmmmmmmmmmmmmmmmmmmmmmmmmmmmmmmm eget felis$ Sed tempus urna et pharetra pharetra massa massaX Tincidunt lobortis feugiat vivamus at augue eget arcu? Aliquet nec ullamcorper sit amet risus nullammmmmmmmmmmmmmmmmmmmmmmmmmmmmmmmmmmmmmmmmmmmmmmmmmmmmmmmmmmmmmmm eget felisv
 Sed tempus urna et pharetra pharetra massa massa.Q Aliquet nec ullamcorper sit amet risus nullammmmmmmmmmmmmmmmmmmmmmmmmmmmmmmmmmmmmmmmmmmmmmm eget felis~
 Seeeeeeed tempus urna et pharetra pharetra massa massaaaaaaaaaaaaaaaaaaaaaaaaaaaaaaaaaaaaaaaaaaaaaaaaaaaaaaaaaaaaaE
','cd8419f3-daec-49b9-9dd7-63119ed506e3',null,'2015-09-27','2018-08-01' );
INSERT INTO posts.post ( id, text, author_id, deleted_date, created_date, last_modified_date) VALUES ( 50,'Lorem ipsum dolor sit amet, consectetur adipiscing elit, sed do eiusmod tempor incididunt ut labore et dolore magna aliquaaaaaaaaaaaaaaaaaaaaaaaaaaaaaaaaaaaaaaaaaaaaaaaaaaaaaaaaaaaaaaaaaaaaaaJ
 Amet mattis vulputate enim nullaJ Tempus quam pellentesque nec nam aliquam sem et tortor  Ultrices eros in cursus turpis massa tincidunt dui> Quisque id diam vel quam elementumP Egestas egestas fringilla phasellus faucibus scelerisque eleifend Enim facilisis gravida neque convallis as Eu facilisis sed odio morbi quis commodo odio aenean sed4 Cursus risus at ultrices mi tempus imperdiet nulla{ Viverra nam libero justo laoreet sit ametR Leo duis ut diam quam nulla porttitor massa
 Aliquet nec ullamcorper sit amet risus nullammmmmmmmmmmmmmmmmmmmmmmmmmmmmmmmmmmmmmmmmmmmmmmmmmmmmmmmmmmmmmmmmmmmmm eget felisA Sed tempus urna et pharetra pharetra massa massa@ Tincidunt lobortis feugiat vivamus at augue eget arcu? Aliquet nec ullamcorper sit amet risus nullammmmmmmmmmmmmmmmmmmmmmmmmmmmmmmmmmmmmmmmmmmmmmmmmmmmmmmmmmmmmmmmmmmmmmmmm eget felisS Sed tempus urna et pharetra pharetra massa massa(
$ Aliquet nec ullamcorper sit amet risus nullammmmmmmmmmmmmmmmmmmmmmmmmmmmmmmmmmmmmmmmmmmmmmmmmmmmmmmmmmmmmmmmmmmmmmmmmmmmmmmmmm eget felis` Seeeeeeeed tempus urna et pharetra pharetra massa massaaaaaaaaaaaaaaaaaaaaaaaaaaaaaaaaaaaaaaaaaaaaaaaaaa!','bd31eebb-d3e6-4377-8802-1f3f53eb7cd2',null,'2015-07-01','2020-07-30' );
INSERT INTO posts.post ( id, text, author_id, deleted_date, created_date, last_modified_date) VALUES ( 51,'Lorem ipsum dolor sit amet, consectetur adipiscing elit, sed do eiusmod tempor incididunt ut labore et dolore magna aliquaaaaaaaaaaaaaaaaaaaaaaaaaaaaaaaaaaaaaaaaaaaaaaaaaaaaaaaaaaaaaaaaaaaaaaaaaaaaaaaaaaaaZ  Amet mattis vulputate enim nulla{ Tempus quam pellentesque nec nam aliquam sem et tortor8 Ultrices eros in cursus turpis massa tincidunt duiQ Quisque id diam vel quam elementum# Egestas egestas fringilla phasellus faucibus scelerisque eleifendk Enim facilisis gravida neque convallis aQ

Eu facilisis sed odio morbi quis commodo odio aenean sed&
 Cursus risus at ultrices mi tempus imperdiet nulla0 Viverra nam libero justo laoreet sit amet` Leo duis ut diam quam nulla porttitor massa1

 Aliquet nec ullamcorper sit amet risus nullammmmmmmmmmmmmmmmmmmmmmmmmmmmmmmmmmmmmmmmmmmmmmmmmmmmmmmmmmmmm eget felisJ
 Sed tempus urna et pharetra pharetra massa massa''
 Tincidunt lobortis feugiat vivamus at augue eget arcu2 Aliquet nec ullamcorper sit amet risus nullammmmmmmmmmmmmmmmmmmmmmmmmmmmmmmmmmmmmmmmmmmmmmmmmmmmmmmmmmmmmmmmmmmmmmmmmmmmmmmmmmmmmmmmmmmmm eget felis-
 Sed tempus urna et pharetra pharetra massa massa+% Aliquet nec ullamcorper sit amet risus nullammmmmmmmmmmmmmmmmmmmmmmmmmmmmmmmmmmm eget felis*
 Seed tempus urna et pharetra pharetra massa massaaaaaaaaaaaaaaaaaaaaaaaaaaaaaaaaaaaaaaaaaaaaaaaaaaaaaaaaaaaaaaaaaaaaaaaaaaaaaaaaaaaaaaaaaaaaaaaaaae
','ed3f590a-4e5d-47de-909a-7380cf9daadc',null,'2015-11-11','2015-05-10' );
INSERT INTO posts.post ( id, text, author_id, deleted_date, created_date, last_modified_date) VALUES ( 52,'Lorem ipsum dolor sit amet, consectetur adipiscing elit, sed do eiusmod tempor incididunt ut labore et dolore magna aliquaaaaaaaaa   Amet mattis vulputate enim nullaJ Tempus quam pellentesque nec nam aliquam sem et tortorG Ultrices eros in cursus turpis massa tincidunt duiS Quisque id diam vel quam elementumF Egestas egestas fringilla phasellus faucibus scelerisque eleifendC Enim facilisis gravida neque convallis ar Eu facilisis sed odio morbi quis commodo odio aenean sed7
 Cursus risus at ultrices mi tempus imperdiet nullad Viverra nam libero justo laoreet sit ametM Leo duis ut diam quam nulla porttitor massab Aliquet nec ullamcorper sit amet risus nullammmmmmmmm eget felis8 Sed tempus urna et pharetra pharetra massa massaU Tincidunt lobortis feugiat vivamus at augue eget arcuP Aliquet nec ullamcorper sit amet risus nullammmmmmmmmmmmmmmmmm eget felisi Sed tempus urna et pharetra pharetra massa massa3
; Aliquet nec ullamcorper sit amet risus nullammmmmmmmmmmmmmmmmmmmmmmmmmmmmmmmmmmmmmmmmmmmmmmm eget felis[
 Seeeeeeeed tempus urna et pharetra pharetra massa massaaaaaaaaaaaaaaaaaaaaaaaaaaaaaaaaaaaaaaaaa/','9efccbde-c145-484e-aa25-4c57f8131bcc',null,'2016-07-14','2015-01-13' );
INSERT INTO posts.post ( id, text, author_id, deleted_date, created_date, last_modified_date) VALUES ( 53,'Lorem ipsum dolor sit amet, consectetur adipiscing elit, sed do eiusmod tempor incididunt ut labore et dolore magna aliquaaaaa8
 Amet mattis vulputate enim nullah Tempus quam pellentesque nec nam aliquam sem et tortorg Ultrices eros in cursus turpis massa tincidunt dui7 Quisque id diam vel quam elementumB Egestas egestas fringilla phasellus faucibus scelerisque eleifendo Enim facilisis gravida neque convallis a8

Eu facilisis sed odio morbi quis commodo odio aenean sedT
 Cursus risus at ultrices mi tempus imperdiet nullaD Viverra nam libero justo laoreet sit ametI Leo duis ut diam quam nulla porttitor massa% Aliquet nec ullamcorper sit amet risus nullammmmmmmmmmmmmmmmmmmmmmmmmmmmmmmmmmmmmmmmmmmmmmmmmmmmmmmmmmmm eget felisp Sed tempus urna et pharetra pharetra massa massaP
 Tincidunt lobortis feugiat vivamus at augue eget arcu| Aliquet nec ullamcorper sit amet risus nullammmmmmmmmmmmmmmmmmmmmmmmmmmmmmmmmmmmmmmmmmmmmmmmmmmmmmmmmmmmmmmmmmmmmmmmmmmmmm eget felis|
 Sed tempus urna et pharetra pharetra massa massaf
a Aliquet nec ullamcorper sit amet risus nullammmmmmmmmmmmmmmmmm eget felisz Seeeeeeeeeeeeeeeeeeeeeeeeeeeed tempus urna et pharetra pharetra massa massaaaaaaaaaaaaaaaaaaaaaaaaaaaaaaaaaaa0
','9efccbde-c145-484e-aa25-4c57f8131bcc',null,'2013-08-02','2015-01-14' );
INSERT INTO posts.post ( id, text, author_id, deleted_date, created_date, last_modified_date) VALUES ( 54,'Lorem ipsum dolor sit amet, consectetur adipiscing elit, sed do eiusmod tempor incididunt ut labore et dolore magna aliquaaaaaaaaaaaaaaaaaaaaaaaaaaaaaaaaaaaaaaaaaaaaaaaaaaaaaaaaaaaaap
 Amet mattis vulputate enim nullac Tempus quam pellentesque nec nam aliquam sem et tortor: Ultrices eros in cursus turpis massa tincidunt dui] Quisque id diam vel quam elementum{ Egestas egestas fringilla phasellus faucibus scelerisque eleifend^ Enim facilisis gravida neque convallis a1
Eu facilisis sed odio morbi quis commodo odio aenean sed^
 Cursus risus at ultrices mi tempus imperdiet nulla# Viverra nam libero justo laoreet sit amet2 Leo duis ut diam quam nulla porttitor massal

 Aliquet nec ullamcorper sit amet risus nullammmmmmmmmmmmmmmmmmmmmmmmmmmmmmmmmmmmmmmmmmmmmmmmmmmmmmmmmmmmmmm eget felis{
 Sed tempus urna et pharetra pharetra massa massa0
 Tincidunt lobortis feugiat vivamus at augue eget arcu} Aliquet nec ullamcorper sit amet risus nullammmmmm eget felisN Sed tempus urna et pharetra pharetra massa massab
j Aliquet nec ullamcorper sit amet risus nullammmmmmmmmmmmmmmmmmmmmmmmmmmmmmmmmmmmmmmmmmmmmmmmmmmmmmmmmmmmmmmmmmmmmmmmmmmmm eget felisc Seeeeeeeeeeeeeeeeeeeeeeeeeeeeeeeeeeeeeeeeeeeeeeeeeeeeeeeeeeeeeeeeeed tempus urna et pharetra pharetra massa massaaaaaaaaaaaaaaaaaaaaaaaaaaaaaaaaaaaaaaaaaaaaa@
','ed3f590a-4e5d-47de-909a-7380cf9daadc',null,'2013-02-12','2018-11-18' );
INSERT INTO posts.post ( id, text, author_id, deleted_date, created_date, last_modified_date) VALUES ( 55,'Lorem ipsum dolor sit amet, consectetur adipiscing elit, sed do eiusmod tempor incididunt ut labore et dolore magna aliquaaaaaaaaaaaaaaaaaaaaaaaaaaaaaaaaaaaaaaaaaaaaaaaaaaaaaaaaaaaaaaaaaaaaaaaaaaaaaaaaaaaaaaaaaaq
 Amet mattis vulputate enim nulla'' Tempus quam pellentesque nec nam aliquam sem et tortor. Ultrices eros in cursus turpis massa tincidunt dui~ Quisque id diam vel quam elementum+ Egestas egestas fringilla phasellus faucibus scelerisque eleifend^ Enim facilisis gravida neque convallis a^ Eu facilisis sed odio morbi quis commodo odio aenean sed#
 Cursus risus at ultrices mi tempus imperdiet nulla] Viverra nam libero justo laoreet sit amet2 Leo duis ut diam quam nulla porttitor massaX

 Aliquet nec ullamcorper sit amet risus nullammmmmmmmmmmmmmmmm eget felisW
 Sed tempus urna et pharetra pharetra massa massa| Tincidunt lobortis feugiat vivamus at augue eget arcuq Aliquet nec ullamcorper sit amet risus nullammmmm eget felis%
 Sed tempus urna et pharetra pharetra massa massadk Aliquet nec ullamcorper sit amet risus nullammmmmmm eget felis5
 Seeeeeeed tempus urna et pharetra pharetra massa massaaaaaaaaaaaa=
','4743d21b-e993-4fa6-a65a-08a6afa00be5',null,'2015-07-30','2016-04-29' );
INSERT INTO posts.post ( id, text, author_id, deleted_date, created_date, last_modified_date) VALUES ( 56,'Lorem ipsum dolor sit amet, consectetur adipiscing elit, sed do eiusmod tempor incididunt ut labore et dolore magna aliquaaaaaaaaaaaaaaaaaaaaaaaaaaaaaaaaaaaaaaaaaaaaaaaaaaaaaaaaaaaaaaaaaaaaaaaaaaaaaaaaaaaaaaaaaaaaaa:
 Amet mattis vulputate enim nulla~ Tempus quam pellentesque nec nam aliquam sem et tortoru Ultrices eros in cursus turpis massa tincidunt dui[ Quisque id diam vel quam elementumm Egestas egestas fringilla phasellus faucibus scelerisque eleifend[ Enim facilisis gravida neque convallis af

Eu facilisis sed odio morbi quis commodo odio aenean sedM
 Cursus risus at ultrices mi tempus imperdiet nulla. Viverra nam libero justo laoreet sit ametz Leo duis ut diam quam nulla porttitor massat Aliquet nec ullamcorper sit amet risus nullammmmmmmmmmmmmmmmmmmmmmmmmmmm eget felish
 Sed tempus urna et pharetra pharetra massa massa` Tincidunt lobortis feugiat vivamus at augue eget arcut Aliquet nec ullamcorper sit amet risus nullammmmmmmmm eget felis|
 Sed tempus urna et pharetra pharetra massa massaQS Aliquet nec ullamcorper sit amet risus nullammmmmmmm eget felisO
 Seeeeeeeeeeeeeeeeeeeeeeed tempus urna et pharetra pharetra massa massaaa=','9efccbde-c145-484e-aa25-4c57f8131bcc',null,'2015-11-23','2017-05-24' );
INSERT INTO posts.post ( id, text, author_id, deleted_date, created_date, last_modified_date) VALUES ( 57,'Lorem ipsum dolor sit amet, consectetur adipiscing elit, sed do eiusmod tempor incididunt ut labore et dolore magna aliquaaaaaaaaaaaaaaaaaaaaaaaaaaaaaaaaaaaaaaaaaaaaaaaaaaaaaaaaaaaaaaaaaaaaaaaaaaaaaaaaaaY
 Amet mattis vulputate enim nulla% Tempus quam pellentesque nec nam aliquam sem et tortor. Ultrices eros in cursus turpis massa tincidunt duiB Quisque id diam vel quam elementum. Egestas egestas fringilla phasellus faucibus scelerisque eleifend] Enim facilisis gravida neque convallis aj

Eu facilisis sed odio morbi quis commodo odio aenean sedF

 Cursus risus at ultrices mi tempus imperdiet nulla} Viverra nam libero justo laoreet sit ametf Leo duis ut diam quam nulla porttitor massaE Aliquet nec ullamcorper sit amet risus nullammmmmmmmmmmmmmmmmmmmmmmmmmmmmmmmmmmmmmmmmmmmmmmmmmmmmmmmmmmmmmmmmmmmmmm eget felis9 Sed tempus urna et pharetra pharetra massa massae
 Tincidunt lobortis feugiat vivamus at augue eget arcuc Aliquet nec ullamcorper sit amet risus nullammmmmmmmmmmmmmmmmmmmmmmmmmmmmmmmmmmmmmmmmmmmmmmmmmmmmmmmmmmmmmmmmmmmmmmmmmmmmmmmmmmmmmmmmmmmmmmmmm eget felis7
 Sed tempus urna et pharetra pharetra massa massa/6 Aliquet nec ullamcorper sit amet risus nullammmmmmmmmmmmmmmmmmmmmmmmmmmmmmmmmmmmmmmmmmmmmmmmmmmmmmmmmmmmmmmmmmmmmmmmmmmmmmmmmmmmmmmm eget felisq Seeeeeeeeeeeeeeeeeeeeeeeeeeeeeeeeeeeeeeed tempus urna et pharetra pharetra massa massaaaaaaaaaaaaaaaaaaaaaaaaaaaaaaaaaaaaaaaaa$
','bd31eebb-d3e6-4377-8802-1f3f53eb7cd2',null,'2014-01-20','2020-01-06' );
INSERT INTO posts.post ( id, text, author_id, deleted_date, created_date, last_modified_date) VALUES ( 58,'Lorem ipsum dolor sit amet, consectetur adipiscing elit, sed do eiusmod tempor incididunt ut labore et dolore magna aliquaaaaaaaaaaaa6
 Amet mattis vulputate enim nullad Tempus quam pellentesque nec nam aliquam sem et tortorm Ultrices eros in cursus turpis massa tincidunt dui+ Quisque id diam vel quam elementum# Egestas egestas fringilla phasellus faucibus scelerisque eleifend( Enim facilisis gravida neque convallis aK
Eu facilisis sed odio morbi quis commodo odio aenean sedO
 Cursus risus at ultrices mi tempus imperdiet nullaX Viverra nam libero justo laoreet sit amet< Leo duis ut diam quam nulla porttitor massa, Aliquet nec ullamcorper sit amet risus nullammmmmmmmmmmmmmmmmmmmmmmmmmmmmmmmmmmmmmmmmmmmm eget felis!
 Sed tempus urna et pharetra pharetra massa massa~ Tincidunt lobortis feugiat vivamus at augue eget arcuc Aliquet nec ullamcorper sit amet risus nullammmmmmmmmmmmmmmmmmmmmmmmmmmmmmmmmmmmmmmmmmmmmmmmmmmmmmmmmmmmmmmmmmmmmmmmmmmmmmmmmmmmmmm eget felisn
 Sed tempus urna et pharetra pharetra massa massa#
a Aliquet nec ullamcorper sit amet risus nullammmmmmmmmmmmmmmmmmmmmmmmmmmmmmmmmmmmmmmmmmmmmmmmmmmmmmmmmmmmmmmmmmmmmmmmmmmmmmmmmmmmmmmmmmmmmm eget felis;
 Seeeeeeeeeeeeeeeeeeeeeeeeeeeeeeeeeeeeeeeeeeeeeeeeeeeeeeeeeeeeeeeeeeeeeeeeeeeeeeeeed tempus urna et pharetra pharetra massa massaaaaaaaaaaaaaaaap
','ed3f590a-4e5d-47de-909a-7380cf9daadc',null,'2015-08-17','2019-12-05' );
INSERT INTO posts.post ( id, text, author_id, deleted_date, created_date, last_modified_date) VALUES ( 59,'Lorem ipsum dolor sit amet, consectetur adipiscing elit, sed do eiusmod tempor incididunt ut labore et dolore magna aliquaaaaaaaaaaaaaaaaaaaaaaaaaaaaaaaaaaaaaaaaaaaaaaaaaaaaaaaaaaaaaaaaaaaG  Amet mattis vulputate enim nullaA Tempus quam pellentesque nec nam aliquam sem et tortor9 Ultrices eros in cursus turpis massa tincidunt duib Quisque id diam vel quam elementumd Egestas egestas fringilla phasellus faucibus scelerisque eleifendL Enim facilisis gravida neque convallis aD Eu facilisis sed odio morbi quis commodo odio aenean sed*
 Cursus risus at ultrices mi tempus imperdiet nulla- Viverra nam libero justo laoreet sit amet_ Leo duis ut diam quam nulla porttitor massaJ
 Aliquet nec ullamcorper sit amet risus nullammmmmmmmmmm eget felisU Sed tempus urna et pharetra pharetra massa massa_
 Tincidunt lobortis feugiat vivamus at augue eget arcup Aliquet nec ullamcorper sit amet risus nullammmmmmmmmmmmmmmmmmmmmmmmmmmmmmmmmmmmmmmm eget felis- Sed tempus urna et pharetra pharetra massa massaxT Aliquet nec ullamcorper sit amet risus nullammmmmmmmmmmmmmmmmmmmmmmmmmmmmmmmmmmmmmmmmmmmmmmmmmmmmmmmmmmmmmmmmmmmmmmmmmmmmmmmmmmm eget felise
 Seeeeeeeeeeeeeeeeeeeeeeeeeeeeeeeeeeeeeeeeeeeeeeeeeeeeeeeeeeeeeeeeeeeeeeeeeeeeeeeeeed tempus urna et pharetra pharetra massa massaaaaaaaaaaaaaaaaaaaaaaaaaaaaaaaaaaaaaaaaaaaaaaaaaaaaaaaaaaaaaaZ
','4743d21b-e993-4fa6-a65a-08a6afa00be5',null,'2014-01-21','2017-10-14' );
INSERT INTO posts.post ( id, text, author_id, deleted_date, created_date, last_modified_date) VALUES ( 60,'Lorem ipsum dolor sit amet, consectetur adipiscing elit, sed do eiusmod tempor incididunt ut labore et dolore magna aliquaaaaaaaaaaaaaaaaaaaaaaaaaaaaaaaaaaaaaaaaaaaa9  Amet mattis vulputate enim nullai Tempus quam pellentesque nec nam aliquam sem et tortorr Ultrices eros in cursus turpis massa tincidunt duix Quisque id diam vel quam elementum/ Egestas egestas fringilla phasellus faucibus scelerisque eleifendN Enim facilisis gravida neque convallis a9 Eu facilisis sed odio morbi quis commodo odio aenean sede

 Cursus risus at ultrices mi tempus imperdiet nulla, Viverra nam libero justo laoreet sit amet6 Leo duis ut diam quam nulla porttitor massav
 Aliquet nec ullamcorper sit amet risus nullammmmmmmmmmmmmmmmmmmmmmmmmmmmmmmmmmmmmmmmmmmmmmmmmmmmmmmmmmmmmmmmmmmmmm eget felisi Sed tempus urna et pharetra pharetra massa massaR
 Tincidunt lobortis feugiat vivamus at augue eget arcuv Aliquet nec ullamcorper sit amet risus nullammmmmmmmmmm eget felis;
 Sed tempus urna et pharetra pharetra massa massa
E Aliquet nec ullamcorper sit amet risus nullammmmmmmmmmmmmmmmmmmmmmmmmmmmmmmmmmmmmmmmmmmmmmmmmm eget felisP
 Seeeeeeeeeeeeeeeeeeeeeeeeeeeeeeeeeeeeeeeeeeeeeeeeeeeeeeeeeeeeeeeeeeeeeeeeeeeeeed tempus urna et pharetra pharetra massa massaaaaaaaaaaaaaaaaaaaaaaaaaaaaaaaaaaaaaaaaaaaaaaaaaaaaaaaaaaaaaaaaaaaaaaaaaaP
','9efccbde-c145-484e-aa25-4c57f8131bcc',null,'2013-05-09','2020-06-06' );
INSERT INTO posts.post ( id, text, author_id, deleted_date, created_date, last_modified_date) VALUES ( 61,'Lorem ipsum dolor sit amet, consectetur adipiscing elit, sed do eiusmod tempor incididunt ut labore et dolore magna aliquaaaaaaaaaaaaaaaaaaaaaaaaaaaaaaaaaaaaaaaaaaaaaaaaaaaaaaaaaaaaaaaaaaaaaaaaaaaaaaaaaaaaaaaaaaaaaaaaaaaaa^
 Amet mattis vulputate enim nullao Tempus quam pellentesque nec nam aliquam sem et tortor+ Ultrices eros in cursus turpis massa tincidunt duiJ Quisque id diam vel quam elementumS Egestas egestas fringilla phasellus faucibus scelerisque eleifend| Enim facilisis gravida neque convallis a1
Eu facilisis sed odio morbi quis commodo odio aenean sed- Cursus risus at ultrices mi tempus imperdiet nullaz Viverra nam libero justo laoreet sit amet} Leo duis ut diam quam nulla porttitor massa/

 Aliquet nec ullamcorper sit amet risus nullammmmmmmmmmmmmmmmmmmmmmmmmmmmmmmmmmmmmmmmmmmmmmmmmmmmmmmmmmmmmmmmmmmmmmmmmmmmmmmmmmmmm eget felis9 Sed tempus urna et pharetra pharetra massa massaW
 Tincidunt lobortis feugiat vivamus at augue eget arcuo Aliquet nec ullamcorper sit amet risus nullammmmmmmmmmmmmmmmmmmmmmmmmmmmmmmm eget felis_
 Sed tempus urna et pharetra pharetra massa massaY~ Aliquet nec ullamcorper sit amet risus nullammmmmmmmmmmmmmmmmmmmmmmmmmmmmmmmmmmm eget felis| Seeeeeeeeeeeeeeeeeeeeeeeeeeeeeeeeeeeeeeeeeeeeeeeeeeeeeeeeeeeeeeeeeeeeeeeeeeeeeeeed tempus urna et pharetra pharetra massa massaaaaaaaaaaaaaaaaaaaaaaaaaaaaaaaaaaaaaaaaaaaaaaaaaaaaaaaao','9c0b7f94-4ee3-4a2d-a651-bbb2778f91c8',null,'2016-07-18','2018-04-23' );
INSERT INTO posts.post ( id, text, author_id, deleted_date, created_date, last_modified_date) VALUES ( 62,'Lorem ipsum dolor sit amet, consectetur adipiscing elit, sed do eiusmod tempor incididunt ut labore et dolore magna aliquaaaaaaaaaaaaaaaaaaaaaaaaaaaaaaaaaaaaaaa=  Amet mattis vulputate enim nullaH Tempus quam pellentesque nec nam aliquam sem et tortor'' Ultrices eros in cursus turpis massa tincidunt dui Quisque id diam vel quam elementumL Egestas egestas fringilla phasellus faucibus scelerisque eleifend! Enim facilisis gravida neque convallis aW
Eu facilisis sed odio morbi quis commodo odio aenean sedr Cursus risus at ultrices mi tempus imperdiet nullae Viverra nam libero justo laoreet sit amett Leo duis ut diam quam nulla porttitor massaa
 Aliquet nec ullamcorper sit amet risus nullammmmmmmmmmmmmmmmmmmmmmmmmmmmmmmmmmmmmmmmmmmmmmmmmmmmmmmmmmmmmmmmmm eget felisv
 Sed tempus urna et pharetra pharetra massa massa: Tincidunt lobortis feugiat vivamus at augue eget arcuc Aliquet nec ullamcorper sit amet risus nullammmmmmmmmmmmmmmmmmmmmmmmmmmmmmmmmmmmmmmmmmmmmmmmmmmmmmmmmmmmmmmmmmmmmmmmmmmmmmmmmmmmmmmmmmmmmmmmmm eget felisE
 Sed tempus urna et pharetra pharetra massa massa^2 Aliquet nec ullamcorper sit amet risus nullammmmmmmmmmmm eget felisk
 Seeeeeeeeeeeed tempus urna et pharetra pharetra massa massaaaaaaaaaaaaaaaaaaaaaaaaaaaaaaaaaaaaaaaaaaaaaaaaaaaaaaaaaaaaaaaaaaaaaaaaaaaaaaaaaaaaf','9c0b7f94-4ee3-4a2d-a651-bbb2778f91c8',null,'2016-09-09','2016-12-23' );
INSERT INTO posts.post ( id, text, author_id, deleted_date, created_date, last_modified_date) VALUES ( 63,'Lorem ipsum dolor sit amet, consectetur adipiscing elit, sed do eiusmod tempor incididunt ut labore et dolore magna aliquaaaaaaaaaaaaaaaaaaaaaaaaaaaaaaaaaaaaaaaaaaaaaaaaaaaaaaaaaaaaaaaaaaaaaaaaaaaaaaaaaaaaaaaai  Amet mattis vulputate enim nulla= Tempus quam pellentesque nec nam aliquam sem et tortorX Ultrices eros in cursus turpis massa tincidunt dui; Quisque id diam vel quam elementum2 Egestas egestas fringilla phasellus faucibus scelerisque eleifends Enim facilisis gravida neque convallis a5
Eu facilisis sed odio morbi quis commodo odio aenean sedT
 Cursus risus at ultrices mi tempus imperdiet nullap Viverra nam libero justo laoreet sit amet] Leo duis ut diam quam nulla porttitor massaK Aliquet nec ullamcorper sit amet risus nullammmmmmmmmmmmmmmmmmmmmmmmmmmmmmmmmmmmmmmmmmmmmmmmmmmmmmmmmmmmmmmmmmmmmmmmmmmmmm eget felis% Sed tempus urna et pharetra pharetra massa massai
 Tincidunt lobortis feugiat vivamus at augue eget arcu'' Aliquet nec ullamcorper sit amet risus nullammmmmmmmmmmmmmmmmmmmmmmmmmmmmmmmmmmmmmmmmmmmmmmm eget felisb Sed tempus urna et pharetra pharetra massa massaz
@ Aliquet nec ullamcorper sit amet risus nullammmmmmmmmmmmmmmmmmmmmmmmmmmmmmmmmmmmmmmmmmmm eget felisD
 Seeeeeeeeeeeeeeeeeeeeeeeeeeeeeeeeeeeeeeeeeeeeeeeeeeeeeeeeeeeeeeeeeeeeeeeeeeeeeeeeeeeeed tempus urna et pharetra pharetra massa massaaaaaaaaaaaaaaaaaaaaaaaaaaaaaaaaaaaaaaaaaaaaaaaaaaaaaaaaaaaaaaaaaaaaaaaaaaaaaaaaaaaaaaaaaaaaaaaaaaaao
','9efccbde-c145-484e-aa25-4c57f8131bcc',null,'2013-01-28','2020-02-11' );
INSERT INTO posts.post ( id, text, author_id, deleted_date, created_date, last_modified_date) VALUES ( 64,'Lorem ipsum dolor sit amet, consectetur adipiscing elit, sed do eiusmod tempor incididunt ut labore et dolore magna aliquaaaaaaaaaaaaaaaaaaaaaaaaaaaaaaaaaaaaaaaaaaaaaH  Amet mattis vulputate enim nullaa Tempus quam pellentesque nec nam aliquam sem et tortorw Ultrices eros in cursus turpis massa tincidunt duiy Quisque id diam vel quam elementum4 Egestas egestas fringilla phasellus faucibus scelerisque eleifend  Enim facilisis gravida neque convallis a Eu facilisis sed odio morbi quis commodo odio aenean sedb Cursus risus at ultrices mi tempus imperdiet nulla. Viverra nam libero justo laoreet sit amet7 Leo duis ut diam quam nulla porttitor massag

 Aliquet nec ullamcorper sit amet risus nullammmmmmmmmmmmmmmmmmmmmmmmmmmmmmmmmmmmmmmmmmmmmmmm eget felis$ Sed tempus urna et pharetra pharetra massa massaF
 Tincidunt lobortis feugiat vivamus at augue eget arcul Aliquet nec ullamcorper sit amet risus nullammmmmmmmmmmmmmmmmmmmmmmmmmmmmmmmmmmmmmm eget felis7 Sed tempus urna et pharetra pharetra massa massaq4 Aliquet nec ullamcorper sit amet risus nullammmmmmmmmmmmmmmmmmmmmmmmmmmmmmmmmm eget felisa Seeeeeeeeeeeeeeeeeeeeeeeeeeeeeeeeeeeeeeeeeeeeeeeeeeeeeeeeeeeeeeeeeeeeeeeeeed tempus urna et pharetra pharetra massa massaaaaaaaaaaaaaaaaaaaaaaaaaaaaaaaaaaaaaaaaaaaaaaaaaaaaaaaaaaaaaaaaaaaaaaaaaaaaaaaaaaaa[','4743d21b-e993-4fa6-a65a-08a6afa00be5',null,'2016-11-15','2019-04-22' );
INSERT INTO posts.post ( id, text, author_id, deleted_date, created_date, last_modified_date) VALUES ( 65,'Lorem ipsum dolor sit amet, consectetur adipiscing elit, sed do eiusmod tempor incididunt ut labore et dolore magna aliquaaaaaaaaaaaaaaaaaaaaaaaaaaaaaaaaaaaaaaaaaaaaaaaaaaaaaaaaaaaaaaaaaaaaaaaaaaaaaaaaaaaaaaaaaaaaaaaaaaaaL  Amet mattis vulputate enim nulla@ Tempus quam pellentesque nec nam aliquam sem et tortor: Ultrices eros in cursus turpis massa tincidunt dui% Quisque id diam vel quam elementumO Egestas egestas fringilla phasellus faucibus scelerisque eleifendb Enim facilisis gravida neque convallis a5

Eu facilisis sed odio morbi quis commodo odio aenean sed&

 Cursus risus at ultrices mi tempus imperdiet nullar Viverra nam libero justo laoreet sit amet5 Leo duis ut diam quam nulla porttitor massa
 Aliquet nec ullamcorper sit amet risus nullammmmmmmmmmmmmmmmmmmmmmmmmmmmmmmmmmmmmmmmmmmmmmmmmmmmmmmmmmmmmmmmmmmmmmmmmmmmmmmmmmmmmmmmm eget felisr
 Sed tempus urna et pharetra pharetra massa massa6
 Tincidunt lobortis feugiat vivamus at augue eget arcuN Aliquet nec ullamcorper sit amet risus nullammmmmmmmmmmmmmmmmmmmmmmmmmmmmmmmmmmmmmmmmmmmmmmmmmmm eget felis4
 Sed tempus urna et pharetra pharetra massa massaUp Aliquet nec ullamcorper sit amet risus nullammmmmmmmmmmmmmmmmmmmmmmmmmmmmmmmmmmmmmmmmmmmmmmmm eget felis>
 Seeeeeeeeeeeeeeeeeeeeeeeeeeeeeeeeeeeeeeeeeeeed tempus urna et pharetra pharetra massa massaaaaaaaaaaaaaaaaaaaaaaaaaaaaaaaaaaaaaaaaaaaaaaaaaaaaaaaaaaaaaaaaaag','9c0b7f94-4ee3-4a2d-a651-bbb2778f91c8',null,'2016-03-01','2016-09-04' );
INSERT INTO posts.post ( id, text, author_id, deleted_date, created_date, last_modified_date) VALUES ( 66,'Lorem ipsum dolor sit amet, consectetur adipiscing elit, sed do eiusmod tempor incididunt ut labore et dolore magna aliquaaaK  Amet mattis vulputate enim nullac Tempus quam pellentesque nec nam aliquam sem et tortor2 Ultrices eros in cursus turpis massa tincidunt duiW Quisque id diam vel quam elementumy Egestas egestas fringilla phasellus faucibus scelerisque eleifend" Enim facilisis gravida neque convallis aB

Eu facilisis sed odio morbi quis commodo odio aenean seds Cursus risus at ultrices mi tempus imperdiet nullaf Viverra nam libero justo laoreet sit amet- Leo duis ut diam quam nulla porttitor massaO

 Aliquet nec ullamcorper sit amet risus nullammmmmmmmmmmmmmmmmmmmmmmmmmmmmmmmmmmmmmmmmmmmmmmmmmmmmmmmmmmmm eget felisG Sed tempus urna et pharetra pharetra massa massag
 Tincidunt lobortis feugiat vivamus at augue eget arcuE Aliquet nec ullamcorper sit amet risus nullammmmmmmmmmmmmmmmmmmmmmmmmmm eget felisB
 Sed tempus urna et pharetra pharetra massa massaT
Q Aliquet nec ullamcorper sit amet risus nullammmm eget felisi Seeeeeeeeeeeeeeeeeeeeeeeeeeeeeeeeeeeeeeeeeeeeeeeeeeeeeed tempus urna et pharetra pharetra massa massaaaaaaaaaaaaaaaaaaaaaaaaaaaaaaa6','cd8419f3-daec-49b9-9dd7-63119ed506e3',null,'2015-01-11','2020-06-05' );
INSERT INTO posts.post ( id, text, author_id, deleted_date, created_date, last_modified_date) VALUES ( 67,'Lorem ipsum dolor sit amet, consectetur adipiscing elit, sed do eiusmod tempor incididunt ut labore et dolore magna aliquaaaaaaaaaaaaaaaaaaaaaaaaaaaaaaaaaaaaaaaaaaaaaaaaaaaaaaaaaaaaaaaaaaaaaaaaaaaaaaaaaaaaaaaK  Amet mattis vulputate enim nulla9 Tempus quam pellentesque nec nam aliquam sem et tortori Ultrices eros in cursus turpis massa tincidunt dui_ Quisque id diam vel quam elementumn Egestas egestas fringilla phasellus faucibus scelerisque eleifendM Enim facilisis gravida neque convallis a

Eu facilisis sed odio morbi quis commodo odio aenean sed
 Cursus risus at ultrices mi tempus imperdiet nullam Viverra nam libero justo laoreet sit ametS Leo duis ut diam quam nulla porttitor massa.
 Aliquet nec ullamcorper sit amet risus nullammmmmmmmmmmmmm eget felis{
 Sed tempus urna et pharetra pharetra massa massa{ Tincidunt lobortis feugiat vivamus at augue eget arcuT Aliquet nec ullamcorper sit amet risus nullammmmmmmmmmmmmmmmmmmmmmmmmmmmmmmmmmmmmmmmmmmmmmmmmmmmmmmmm eget felis# Sed tempus urna et pharetra pharetra massa massa5
_ Aliquet nec ullamcorper sit amet risus nullammmmmmmmmmmmmmmmmmmmmmmmmmmmmmmmmmmmmmmmmmmmmmmmmmmmmmmmmmmmmmmmmmmmmmm eget felisG Seeeeeeeeeeeeeeeeeeeeeeeeeeeeeeeeeeeeeeed tempus urna et pharetra pharetra massa massaaaaaaaaaaaaaaaaaaaaaaaaaaaaaaaaaaaaaaaaaaaaaaaaaaaaaaaaaaaj','9efccbde-c145-484e-aa25-4c57f8131bcc',null,'2013-01-20','2015-03-25' );
INSERT INTO posts.post ( id, text, author_id, deleted_date, created_date, last_modified_date) VALUES ( 68,'Lorem ipsum dolor sit amet, consectetur adipiscing elit, sed do eiusmod tempor incididunt ut labore et dolore magna aliquaaaaaaaaaaaaaaaaaaaaaaaaaaaaaaaaaaaaaaaaaaaaaaaaaaaaaaaaaaaaaaaaaaaaaaaaaaaaaaaaaaaaaaaaaaaaaaaaaaaa*  Amet mattis vulputate enim nulla5 Tempus quam pellentesque nec nam aliquam sem et tortor Ultrices eros in cursus turpis massa tincidunt duiw Quisque id diam vel quam elementumK Egestas egestas fringilla phasellus faucibus scelerisque eleifendz Enim facilisis gravida neque convallis aK

Eu facilisis sed odio morbi quis commodo odio aenean sedI Cursus risus at ultrices mi tempus imperdiet nullaQ Viverra nam libero justo laoreet sit amet" Leo duis ut diam quam nulla porttitor massa.

 Aliquet nec ullamcorper sit amet risus nullammmmmmmmmmmmmmmmmmm eget felis2 Sed tempus urna et pharetra pharetra massa massaq
 Tincidunt lobortis feugiat vivamus at augue eget arcuD Aliquet nec ullamcorper sit amet risus nullammmmmmmmmmmmmmmmmmmmmmmmmmmmmmmmmmmmmmmmmmmmmmmmmmmmmmmmmmmmmmm eget felis~
 Sed tempus urna et pharetra pharetra massa massa8H Aliquet nec ullamcorper sit amet risus nullammmmmmmmmmmmmmmmmmmmmmmmmmmmmmmmmmmmmmmmmmmmmmmmmmmmmmmmmmmmm eget felisj Seeeeeeeeeeeeeeeeeeeeeeeeeeeeeeeeeeeeeeeeeeeeeeeeeeeeeeeeeeeeeeeeeeeeeeeeeeeeed tempus urna et pharetra pharetra massa massaaaaaaaaaaaaaaaaaaaaaaaaaaaaaaaaaaaaaaaaaaaaaaaaaa
','bd31eebb-d3e6-4377-8802-1f3f53eb7cd2',null,'2016-10-28','2017-11-27' );
INSERT INTO posts.post ( id, text, author_id, deleted_date, created_date, last_modified_date) VALUES ( 69,'Lorem ipsum dolor sit amet, consectetur adipiscing elit, sed do eiusmod tempor incididunt ut labore et dolore magna aliquaaaaaaaaaaaaaaaaaaaaaaaaaaaaaaaaaaaaaaaaaaaaaaaaaaaaaaaaaaaaaac
 Amet mattis vulputate enim nullan Tempus quam pellentesque nec nam aliquam sem et tortor" Ultrices eros in cursus turpis massa tincidunt duiJ Quisque id diam vel quam elementum  Egestas egestas fringilla phasellus faucibus scelerisque eleifendZ Enim facilisis gravida neque convallis a^ Eu facilisis sed odio morbi quis commodo odio aenean sedM Cursus risus at ultrices mi tempus imperdiet nullae Viverra nam libero justo laoreet sit amet: Leo duis ut diam quam nulla porttitor massa"

 Aliquet nec ullamcorper sit amet risus nullammmmmmmmmmmmmmmmmmmmmmmmmmmm eget felisU Sed tempus urna et pharetra pharetra massa massa*
 Tincidunt lobortis feugiat vivamus at augue eget arcut Aliquet nec ullamcorper sit amet risus nullammmmmmmmmmmmmmmmmmmmm eget felis*
 Sed tempus urna et pharetra pharetra massa massa''
] Aliquet nec ullamcorper sit amet risus nullammmmmmmmmmmmmmmmmmmmmmmmmmmmmmmmmmmmmmmm eget feliss Seeeeeeeeeeeeeeeeeeeeeed tempus urna et pharetra pharetra massa massae','bd31eebb-d3e6-4377-8802-1f3f53eb7cd2',null,'2014-07-01','2019-04-16' );
INSERT INTO posts.post ( id, text, author_id, deleted_date, created_date, last_modified_date) VALUES ( 70,'Lorem ipsum dolor sit amet, consectetur adipiscing elit, sed do eiusmod tempor incididunt ut labore et dolore magna aliquaaaaaaaaaaaaaaaaM
 Amet mattis vulputate enim nulla5 Tempus quam pellentesque nec nam aliquam sem et tortorj Ultrices eros in cursus turpis massa tincidunt dui! Quisque id diam vel quam elementum+ Egestas egestas fringilla phasellus faucibus scelerisque eleifendk Enim facilisis gravida neque convallis aa

Eu facilisis sed odio morbi quis commodo odio aenean sed4
 Cursus risus at ultrices mi tempus imperdiet nullat Viverra nam libero justo laoreet sit ametd Leo duis ut diam quam nulla porttitor massa&

 Aliquet nec ullamcorper sit amet risus nullammmmmmmmmmmmmmmmmmmmmmmmmmmmmm eget felisj
 Sed tempus urna et pharetra pharetra massa massaH
 Tincidunt lobortis feugiat vivamus at augue eget arcuL Aliquet nec ullamcorper sit amet risus nullammmmmmmmmmmmmmmmmmmmmmmmmmmmmmmmmmmmmmmmmmmmmmmmmmmmmmmmmmmmmmmm eget felisk
 Sed tempus urna et pharetra pharetra massa massa_i Aliquet nec ullamcorper sit amet risus nullammmmmmmmmmmmmmmmmmmmmmmmmmmmmmmmmmmmmmmmmmmmmmmmmmmmmmmmmmmmmmm eget felisX
 Seeeeeeeeeeeeeeeeeeeeeeeeeeeeeeeeeeeeeeeeeeeeeeeeeeeeeeeeeeeeeeeeeeeeeeeeeeeeeeeeeeeeeeeeeeeed tempus urna et pharetra pharetra massa massaaaaaaaaaaaaaaaaaa ','bd31eebb-d3e6-4377-8802-1f3f53eb7cd2',null,'2015-08-08','2020-04-07' );
INSERT INTO posts.post ( id, text, author_id, deleted_date, created_date, last_modified_date) VALUES ( 71,'Lorem ipsum dolor sit amet, consectetur adipiscing elit, sed do eiusmod tempor incididunt ut labore et dolore magna aliquaaaaaaaaaaaaaaaaaaaaaaaaaaaaaaaaaaaaaaaaaaaaaaaaaaaaaaaaN  Amet mattis vulputate enim nulla< Tempus quam pellentesque nec nam aliquam sem et tortor| Ultrices eros in cursus turpis massa tincidunt duiB Quisque id diam vel quam elementum5 Egestas egestas fringilla phasellus faucibus scelerisque eleifend@ Enim facilisis gravida neque convallis a]
Eu facilisis sed odio morbi quis commodo odio aenean sedm
 Cursus risus at ultrices mi tempus imperdiet nullab Viverra nam libero justo laoreet sit amet{ Leo duis ut diam quam nulla porttitor massaT
 Aliquet nec ullamcorper sit amet risus nullammmmmmmmmmmmmmmmmmmm eget felis!
 Sed tempus urna et pharetra pharetra massa massa0
 Tincidunt lobortis feugiat vivamus at augue eget arcuL Aliquet nec ullamcorper sit amet risus nullammmmmmmmmmmmmmmmmmm eget felis@
 Sed tempus urna et pharetra pharetra massa massa7
2 Aliquet nec ullamcorper sit amet risus nullammmmmmmmmmmmmmmmmmmmmmmmmmmmmmmmmmmmmmmmmmmmmmmmmmmmmmmmmmmmmmmmmmmmmmmmmmmmmmm eget felisg
 Seeeeeeeeeeeeeeeeeeeeeeeeeeeeeeeeeeeeeeeeeeeeeeeeeeeeeeeeeeeeeeeeeeeeeeeeeeeeeeeeeeeeeeeeeeeeeeeeeeeed tempus urna et pharetra pharetra massa massaaaaaaaaaaaaaaaaaaaaaaaaaaaaaaaaaaaaaaaaaaaaaaaaaaaaaaaaaaaaaaaaaaaag','9efccbde-c145-484e-aa25-4c57f8131bcc',null,'2015-01-30','2018-03-24' );
INSERT INTO posts.post ( id, text, author_id, deleted_date, created_date, last_modified_date) VALUES ( 72,'Lorem ipsum dolor sit amet, consectetur adipiscing elit, sed do eiusmod tempor incididunt ut labore et dolore magna aliquaaaaaaaaaaaaaaaaaaaaaaaaaaaaaaaaaaaaaaaaaaaaaaaaaaaaaaaaaaw  Amet mattis vulputate enim nulla: Tempus quam pellentesque nec nam aliquam sem et tortor_ Ultrices eros in cursus turpis massa tincidunt duiS Quisque id diam vel quam elementum2 Egestas egestas fringilla phasellus faucibus scelerisque eleifendN Enim facilisis gravida neque convallis aD
Eu facilisis sed odio morbi quis commodo odio aenean sed/
 Cursus risus at ultrices mi tempus imperdiet nullad Viverra nam libero justo laoreet sit ametB Leo duis ut diam quam nulla porttitor massa? Aliquet nec ullamcorper sit amet risus nullammmmmmmmmmmmmmmmmmmmmmmmmmmmmmmmmmmmmmmmmm eget felis}
 Sed tempus urna et pharetra pharetra massa massa3 Tincidunt lobortis feugiat vivamus at augue eget arcuC Aliquet nec ullamcorper sit amet risus nullammmmmmmmmmmmmmmmmmmmmmmmmmmmmmmmmmmmmmmmmmmmmmmmmmmmmmmmmmmmmmmmmmmmmmmm eget felis.
 Sed tempus urna et pharetra pharetra massa massaa
~ Aliquet nec ullamcorper sit amet risus nullammmmmmmmmmmmmm eget felisk Seeeeeeeeeeeeeeeeeeeeeeeeeeeeeeeeeeeeeeeeeeeeeeeeeeeeeeeeeeeeeeeeeeeeeeeeeeeeeeeeeeeeeeeeeeeeeeeed tempus urna et pharetra pharetra massa massaaaaaaaaaaaaaaaaaaaaaaaaaU
','cd8419f3-daec-49b9-9dd7-63119ed506e3',null,'2014-04-03','2018-10-16' );
INSERT INTO posts.post ( id, text, author_id, deleted_date, created_date, last_modified_date) VALUES ( 73,'Lorem ipsum dolor sit amet, consectetur adipiscing elit, sed do eiusmod tempor incididunt ut labore et dolore magna aliquaaaaaaaaaaaaaaaaaaaaaaaaaaaaaaaaaaaaaaaaaaaaaaaa2  Amet mattis vulputate enim nulla> Tempus quam pellentesque nec nam aliquam sem et tortorh Ultrices eros in cursus turpis massa tincidunt dui. Quisque id diam vel quam elementum1 Egestas egestas fringilla phasellus faucibus scelerisque eleifendk Enim facilisis gravida neque convallis a+ Eu facilisis sed odio morbi quis commodo odio aenean sedT Cursus risus at ultrices mi tempus imperdiet nullaA Viverra nam libero justo laoreet sit amet7 Leo duis ut diam quam nulla porttitor massaY Aliquet nec ullamcorper sit amet risus nullammmmmmmmmmmmmmmmmmmmmmmmm eget felisq Sed tempus urna et pharetra pharetra massa massa+ Tincidunt lobortis feugiat vivamus at augue eget arcuB Aliquet nec ullamcorper sit amet risus nullammmmmmmmmmmmmmmmmmmmmmmmmmmmmmmmmmmmmmmmmmmmmmmmmmmmmmmmmmmmmmmmmmmmmmmmmmmmmmmmmmmmmmmmmmmmmmmm eget felisq Sed tempus urna et pharetra pharetra massa massa3z Aliquet nec ullamcorper sit amet risus nullammmmmmmmmmmmmmmmmmmmmmmmmmmmmmmmmmmmmmmmmmmmmmmmmmmmmmmmmm eget felis+
 Seeeeeeeeeeeeeeeeeeeeeeeeed tempus urna et pharetra pharetra massa massaaaaaaaaaaaaaaaaaaaaaaaaaaaaaaaaaaaaaaaV','ed3f590a-4e5d-47de-909a-7380cf9daadc',null,'2014-04-14','2018-03-03' );
INSERT INTO posts.post ( id, text, author_id, deleted_date, created_date, last_modified_date) VALUES ( 74,'Lorem ipsum dolor sit amet, consectetur adipiscing elit, sed do eiusmod tempor incididunt ut labore et dolore magna aliquaaaaaaaaaaaaaaaaaaaaaaaaaaaaaaaaaaaaaaaaaaaaaaaaaaaaaaaaaaaaaaaaaaaaaaaaaaaaaaaaaaaaaaaaaaX  Amet mattis vulputate enim nulla# Tempus quam pellentesque nec nam aliquam sem et tortor> Ultrices eros in cursus turpis massa tincidunt dui* Quisque id diam vel quam elementumw Egestas egestas fringilla phasellus faucibus scelerisque eleifendL Enim facilisis gravida neque convallis aS Eu facilisis sed odio morbi quis commodo odio aenean sedT Cursus risus at ultrices mi tempus imperdiet nullaL Viverra nam libero justo laoreet sit amet7 Leo duis ut diam quam nulla porttitor massa> Aliquet nec ullamcorper sit amet risus nullammmmmmmmmmmmmmmmmmmmmmm eget felisb Sed tempus urna et pharetra pharetra massa massa]
 Tincidunt lobortis feugiat vivamus at augue eget arcu8 Aliquet nec ullamcorper sit amet risus nullammmmmmmmmmmmmmmmmmmmmmmm eget felisN Sed tempus urna et pharetra pharetra massa massat
I Aliquet nec ullamcorper sit amet risus nullammmmmmmmmmmmmmmmmmm eget felis!
 Seeeeeeeeeeeeeeeeeeeeeeeeeeeeeeeeeeeeeeeeeeeeeeeeeeeeeeeeeeeeeeeeeeeeeeeeeeeeeeeeeeeeeeeeeeeed tempus urna et pharetra pharetra massa massaaaaaaaaaaaaaaaaR
','4743d21b-e993-4fa6-a65a-08a6afa00be5',null,'2016-03-11','2018-12-04' );
INSERT INTO posts.post ( id, text, author_id, deleted_date, created_date, last_modified_date) VALUES ( 75,'Lorem ipsum dolor sit amet, consectetur adipiscing elit, sed do eiusmod tempor incididunt ut labore et dolore magna aliquaaaaaaaaaaaaaaaaaaaaaaaaaaaaaaaaaaaaaaaaaaaaaaaaaaaaaaaaaaaaaaaaaaaaaaaaaaaaaaaaaaaaaaaaaaaaaaaw  Amet mattis vulputate enim nulla< Tempus quam pellentesque nec nam aliquam sem et tortorM Ultrices eros in cursus turpis massa tincidunt duit Quisque id diam vel quam elementumV Egestas egestas fringilla phasellus faucibus scelerisque eleifend) Enim facilisis gravida neque convallis aM Eu facilisis sed odio morbi quis commodo odio aenean sede
 Cursus risus at ultrices mi tempus imperdiet nulla@ Viverra nam libero justo laoreet sit ameth Leo duis ut diam quam nulla porttitor massag Aliquet nec ullamcorper sit amet risus nullammmmmmmmmmmmmmmmmmmmmmmmmmmmmmmmmmmmmmmmmm eget felisj
 Sed tempus urna et pharetra pharetra massa massaD
 Tincidunt lobortis feugiat vivamus at augue eget arcuW Aliquet nec ullamcorper sit amet risus nullammmmmmmmmmmmmmmmmmmmmmmmmmmmmmmmmmmmmmmmmmmmmmmmmm eget felisw
 Sed tempus urna et pharetra pharetra massa massa.- Aliquet nec ullamcorper sit amet risus nullammmmmmmmmmmmmmmmmmmmmmmmmmmmmmmmmmmmmmmmmmmmmmmmmmmmmmmmmmmmmmmmmmmmmmmmmmmmmm eget felis=
 Seeeeeeeeeeeeeeeeeeeeeeeeeeeeeeeeeeeeeeeeeeeeeeeeeeeeeeeeeeeeeeeeeeeeeeeeed tempus urna et pharetra pharetra massa massaaaaaaaaab','bd31eebb-d3e6-4377-8802-1f3f53eb7cd2',null,'2014-07-09','2019-08-08' );
INSERT INTO posts.post ( id, text, author_id, deleted_date, created_date, last_modified_date) VALUES ( 76,'Lorem ipsum dolor sit amet, consectetur adipiscing elit, sed do eiusmod tempor incididunt ut labore et dolore magna aliquaaaaaaaaaaaaaaaaaaaC  Amet mattis vulputate enim nullaZ Tempus quam pellentesque nec nam aliquam sem et tortor# Ultrices eros in cursus turpis massa tincidunt dui6 Quisque id diam vel quam elementum( Egestas egestas fringilla phasellus faucibus scelerisque eleifend7 Enim facilisis gravida neque convallis a>

Eu facilisis sed odio morbi quis commodo odio aenean sed.

 Cursus risus at ultrices mi tempus imperdiet nulla= Viverra nam libero justo laoreet sit ametK Leo duis ut diam quam nulla porttitor massas

 Aliquet nec ullamcorper sit amet risus nullammmmmmmmmmmmmmmmmmmmmmmmmmmmmmmmmmmmmmmmmmmmmmmmmmmmmmmmmmmmmmmmmmmmmm eget felis4
 Sed tempus urna et pharetra pharetra massa massaD
 Tincidunt lobortis feugiat vivamus at augue eget arcuk Aliquet nec ullamcorper sit amet risus nullammmmmmmmmmmmmmmmm eget felis]
 Sed tempus urna et pharetra pharetra massa massan
$ Aliquet nec ullamcorper sit amet risus nullammmmmmm eget felisM
 Sed tempus urna et pharetra pharetra massa massaaaaaaaaaaaaaaaaaaaaaaaaaaaaaaaaaaaaaaaaaaaaaaaaaaaaaaaaaaaaaaaaaaav
','9efccbde-c145-484e-aa25-4c57f8131bcc',null,'2014-02-05','2016-10-21' );
INSERT INTO posts.post ( id, text, author_id, deleted_date, created_date, last_modified_date) VALUES ( 77,'Lorem ipsum dolor sit amet, consectetur adipiscing elit, sed do eiusmod tempor incididunt ut labore et dolore magna aliquaaaaaaaaaaaaaaaaaaaaaaaaaaaaaaaaaaaaaaaaaaaaaaaaaaaaaaaaaaa;
 Amet mattis vulputate enim nullaV Tempus quam pellentesque nec nam aliquam sem et tortore Ultrices eros in cursus turpis massa tincidunt duiS Quisque id diam vel quam elementumL Egestas egestas fringilla phasellus faucibus scelerisque eleifendU Enim facilisis gravida neque convallis a7

Eu facilisis sed odio morbi quis commodo odio aenean sedu

 Cursus risus at ultrices mi tempus imperdiet nulla^ Viverra nam libero justo laoreet sit ametB Leo duis ut diam quam nulla porttitor massaO
 Aliquet nec ullamcorper sit amet risus nullammmmmmmmmmmmmmmmmmmmmmmmmmmmmmmmmmmmmmmmmmmm eget felisP
 Sed tempus urna et pharetra pharetra massa massa$
 Tincidunt lobortis feugiat vivamus at augue eget arcu5 Aliquet nec ullamcorper sit amet risus nullammmmmmmm eget felis@
 Sed tempus urna et pharetra pharetra massa massa4
t Aliquet nec ullamcorper sit amet risus nullammmmmmmmmmmmmmmmmmmmmmmmmmmmmmmmmmmmmmmmmmmmmmmmmmmmmmmmmmmmmmmmmmmmmmmmmm eget felis/ Seeeeeeeeeeeeeeeeeeeeeeeeeeeeeeeeeeeeeeeeeeeeed tempus urna et pharetra pharetra massa massaaaaaaaaaaaaaaaaaaaaaaaaaaaaaaaaaaaaaaaaaaaaaaaaaaaaaaaaaaaaaaaaaaaaaaaaaaaaaaaaaaaaaaaaaaaaaaaaaA','cd8419f3-daec-49b9-9dd7-63119ed506e3',null,'2013-06-23','2019-09-26' );
INSERT INTO posts.post ( id, text, author_id, deleted_date, created_date, last_modified_date) VALUES ( 78,'Lorem ipsum dolor sit amet, consectetur adipiscing elit, sed do eiusmod tempor incididunt ut labore et dolore magna aliquaaaaaaaaaaaaaaaaaaa^
 Amet mattis vulputate enim nullaj Tempus quam pellentesque nec nam aliquam sem et tortor$ Ultrices eros in cursus turpis massa tincidunt dui$ Quisque id diam vel quam elementum] Egestas egestas fringilla phasellus faucibus scelerisque eleifend, Enim facilisis gravida neque convallis a@

Eu facilisis sed odio morbi quis commodo odio aenean sedt Cursus risus at ultrices mi tempus imperdiet nullai Viverra nam libero justo laoreet sit ametz Leo duis ut diam quam nulla porttitor massak Aliquet nec ullamcorper sit amet risus nullammmmmmmmmmmmmmmmmmmmmmmmmmmmmmmmmmmmmmmmmmmmmmmmmmmmmmmmmmmmmmmmmmmmmmmmm eget felisg Sed tempus urna et pharetra pharetra massa massa0
 Tincidunt lobortis feugiat vivamus at augue eget arcuZ Aliquet nec ullamcorper sit amet risus nullammmmmmmmmmmmmmmmmmmmmmmmmmmmmmmmmmmmmmmmmmmmmmmmmmmmmmmmmmmmmmmmmmmmmmmmmmmmmmm eget felisL
 Sed tempus urna et pharetra pharetra massa massaR
o Aliquet nec ullamcorper sit amet risus nullammmmmmmmmmmmmmmmmmmmmmmmmmmmmmmmmmmmmmmmmmmmmmmmmmmmmmmmmmmmmmmmmmmm eget felisC
 Seeeeeeeeeeeeeeeeeeeeeeeeeeed tempus urna et pharetra pharetra massa massaaaaaaaaaaaaaaaaaaaaaaaaaaaaaaaaaaaaaaaaaaaaaaaaaaaa=','bd31eebb-d3e6-4377-8802-1f3f53eb7cd2',null,'2013-12-14','2017-04-26' );
INSERT INTO posts.post ( id, text, author_id, deleted_date, created_date, last_modified_date) VALUES ( 79,'Lorem ipsum dolor sit amet, consectetur adipiscing elit, sed do eiusmod tempor incididunt ut labore et dolore magna aliquaaaaaaaaaaaaaaaaaaaaaaaaaaaaaaaaaaaaaaaaaaaaaaaaaaaaaaJ
 Amet mattis vulputate enim nulla  Tempus quam pellentesque nec nam aliquam sem et tortorZ Ultrices eros in cursus turpis massa tincidunt duiF Quisque id diam vel quam elementum6 Egestas egestas fringilla phasellus faucibus scelerisque eleifend< Enim facilisis gravida neque convallis ar Eu facilisis sed odio morbi quis commodo odio aenean sed` Cursus risus at ultrices mi tempus imperdiet nulla4 Viverra nam libero justo laoreet sit ametM Leo duis ut diam quam nulla porttitor massaK Aliquet nec ullamcorper sit amet risus nullammmmmmmmmmmmmmmmmmmmmmmmmmmmmmmmmmmmmmmmmmmmmmmmmmmmmm eget felis~
 Sed tempus urna et pharetra pharetra massa massa2
 Tincidunt lobortis feugiat vivamus at augue eget arcuj Aliquet nec ullamcorper sit amet risus nullammmmmmmmmmmmmmmmm eget felis[
 Sed tempus urna et pharetra pharetra massa massaIE Aliquet nec ullamcorper sit amet risus nullammmmmmmmmmmmmmmmm eget felisG
 Seeeeeeeeeeeeeeeeeed tempus urna et pharetra pharetra massa massaaaaaaaaaaaaaaaaaaaaaaaaaaaaaaaaaaaaD
','cd8419f3-daec-49b9-9dd7-63119ed506e3',null,'2015-04-04','2016-08-24' );
INSERT INTO posts.post ( id, text, author_id, deleted_date, created_date, last_modified_date) VALUES ( 80,'Lorem ipsum dolor sit amet, consectetur adipiscing elit, sed do eiusmod tempor incididunt ut labore et dolore magna aliquaaaaaaaaaaaaaaaaaaaaaaaaaaaaaaaaaaaaaaaaaaaaaaaaaaaaaaaaaaaaaaaaaaaaaaaaaaaaaaaaaaL  Amet mattis vulputate enim nullaY Tempus quam pellentesque nec nam aliquam sem et tortor[ Ultrices eros in cursus turpis massa tincidunt duiR Quisque id diam vel quam elementumn Egestas egestas fringilla phasellus faucibus scelerisque eleifendC Enim facilisis gravida neque convallis aV
Eu facilisis sed odio morbi quis commodo odio aenean sed]

 Cursus risus at ultrices mi tempus imperdiet nullaS Viverra nam libero justo laoreet sit ametU Leo duis ut diam quam nulla porttitor massa.
 Aliquet nec ullamcorper sit amet risus nullammmmmmmmmmmmmmmmm eget felisB Sed tempus urna et pharetra pharetra massa massaZ Tincidunt lobortis feugiat vivamus at augue eget arcuJ Aliquet nec ullamcorper sit amet risus nullammmmmmmmmmmmmmmmmmmmmmmmmmmmmmmmmmmmmmmmmmmmmmmmmmmmmmmmmmmmmmmmmmmmmmmmmmmmmmm eget felisC Sed tempus urna et pharetra pharetra massa massa- Aliquet nec ullamcorper sit amet risus nullammmmmmmmmmmmmmmmmmmmmmmmmmmmmmmmmmmmmmmmmmmmmmmmmmmmmmmmmmmmmmmmmmmmmmmmmmmmmmmmmmmmmmmmmmmmm eget felis!
 Seeeeeeeeeeeeeeeeeeeeeeeeeeeeeeeed tempus urna et pharetra pharetra massa massaaaaaaaaaaaaaaaaaaaaaaaaaaaaaaaaaaaaaaaaaaaaaaaaaaaaaaaaaaaaaaaaaaaaaaaaaaa_
','cd8419f3-daec-49b9-9dd7-63119ed506e3',null,'2013-12-15','2017-09-11' );
INSERT INTO posts.post ( id, text, author_id, deleted_date, created_date, last_modified_date) VALUES ( 81,'Lorem ipsum dolor sit amet, consectetur adipiscing elit, sed do eiusmod tempor incididunt ut labore et dolore magna aliquaaaaaaaaaaaaaaaaaaaaaaaaaaaaaaaaaaaaaaaaaaaaaaS
 Amet mattis vulputate enim nulla] Tempus quam pellentesque nec nam aliquam sem et tortorv Ultrices eros in cursus turpis massa tincidunt duiD Quisque id diam vel quam elementumU Egestas egestas fringilla phasellus faucibus scelerisque eleifendV Enim facilisis gravida neque convallis aj

Eu facilisis sed odio morbi quis commodo odio aenean sed%

 Cursus risus at ultrices mi tempus imperdiet nullas Viverra nam libero justo laoreet sit ametq Leo duis ut diam quam nulla porttitor massaP Aliquet nec ullamcorper sit amet risus nullammmmmmmmmmmmmmmmmmmmmmmmmmmmmmmmmmmmmmmmmmmmmmmmmmmmmmmmmmmmmmmmmmmmmmmmmmmmmm eget felis_ Sed tempus urna et pharetra pharetra massa massa& Tincidunt lobortis feugiat vivamus at augue eget arcuM Aliquet nec ullamcorper sit amet risus nullammmmmmmmmmmmmmmmmmmmmmmmmmmmmmmmmmmmmmmmmmmmmmmmmmmmmmmmmmmmmmmmmmmmmmmmmmmmm eget felisv Sed tempus urna et pharetra pharetra massa massat
= Aliquet nec ullamcorper sit amet risus nullammmmmmmmmmmmmmmmmmmmmmmmmmmmmmmmmmmmmmmmmmmmmmmmmmm eget felisP
 Seeeeeeeeeeeeeeeeeeeeeeeeeeeeeeeeeeeeeeeeeeeed tempus urna et pharetra pharetra massa massaaaaaaaaaaaaaaaaaaaaaaaaaaaaaaaaaaaaaaaaaaaaaaaaaaaaaaaaaaaaaaaaaaaaaaaaaaaaaaaaaaaaaaaaaa~','9c0b7f94-4ee3-4a2d-a651-bbb2778f91c8',null,'2014-05-27','2019-11-03' );
INSERT INTO posts.post ( id, text, author_id, deleted_date, created_date, last_modified_date) VALUES ( 82,'Lorem ipsum dolor sit amet, consectetur adipiscing elit, sed do eiusmod tempor incididunt ut labore et dolore magna aliquaaaaaaaaaaaaaaaaaaaaaaaaaaaaaaaaaaaaaaaaaaaaaaaaaaaaaaaaaaaaaaaaaaaaaaaaaaaaaaaaaa=  Amet mattis vulputate enim nullaG Tempus quam pellentesque nec nam aliquam sem et tortor` Ultrices eros in cursus turpis massa tincidunt dui; Quisque id diam vel quam elementumX Egestas egestas fringilla phasellus faucibus scelerisque eleifendh Enim facilisis gravida neque convallis aN
Eu facilisis sed odio morbi quis commodo odio aenean sed>

 Cursus risus at ultrices mi tempus imperdiet nullas Viverra nam libero justo laoreet sit amet( Leo duis ut diam quam nulla porttitor massav

 Aliquet nec ullamcorper sit amet risus nullammmmmmmmmmmmmmmmmmmmmmmmmmmmmmmmmmmmmmmmmmmmmmmm eget felisP
 Sed tempus urna et pharetra pharetra massa massaB
 Tincidunt lobortis feugiat vivamus at augue eget arcuM Aliquet nec ullamcorper sit amet risus nullammmmmmmmmmmmmmmmmmmmmmmmmmmmmmmmmmmmmmmmm eget felisH
 Sed tempus urna et pharetra pharetra massa massaP_ Aliquet nec ullamcorper sit amet risus nullammmmmmmmmmm eget felis3 Seeeeeeeeeeeeeeeeeeeeeeeeeeeeeeeeeeeeeeeeeeeeeeeeeeeeeeeeeeeeeeeeeeed tempus urna et pharetra pharetra massa massaaaaaaaaaaaaaaaaaaaaaaaaaaaaaaaaaaaaaaaaaaaaaaaaaaaaaaaaaaaaaaaq','9c0b7f94-4ee3-4a2d-a651-bbb2778f91c8',null,'2014-03-03','2015-06-03' );
INSERT INTO posts.post ( id, text, author_id, deleted_date, created_date, last_modified_date) VALUES ( 83,'Lorem ipsum dolor sit amet, consectetur adipiscing elit, sed do eiusmod tempor incididunt ut labore et dolore magna aliquaaaaaaaaaaaaaaaZ
 Amet mattis vulputate enim nullaW Tempus quam pellentesque nec nam aliquam sem et tortor! Ultrices eros in cursus turpis massa tincidunt duiV Quisque id diam vel quam elementum0 Egestas egestas fringilla phasellus faucibus scelerisque eleifend2 Enim facilisis gravida neque convallis a

Eu facilisis sed odio morbi quis commodo odio aenean sedh Cursus risus at ultrices mi tempus imperdiet nullaN Viverra nam libero justo laoreet sit amet[ Leo duis ut diam quam nulla porttitor massaW

 Aliquet nec ullamcorper sit amet risus nullammmmmmmmmmmmmmmmmmmmmmmmmmmmmmmmmmmmmmmmmmmmmmmmmmmmmmmmmmmmmmmmmmmmmmmmmmmmm eget felisP Sed tempus urna et pharetra pharetra massa massau Tincidunt lobortis feugiat vivamus at augue eget arcua Aliquet nec ullamcorper sit amet risus nullammmmmm eget felisa Sed tempus urna et pharetra pharetra massa massaN
> Aliquet nec ullamcorper sit amet risus nullammmmmmmmmmmmmmmmmmmmmmmmmmmmmmmmmmmmmmmmmmmmmm eget felisf
 Seeeeeeeeeeeeeeeeeeeeeeeeeeeeeeeeeeeeeeeeeeeeeeeeeeeeeeeeeeeeeeeeeeeeeeeed tempus urna et pharetra pharetra massa massaaaaaaaaaaa*','cd8419f3-daec-49b9-9dd7-63119ed506e3','2021-12-11T13:36:20.807Z','2015-12-11','2016-09-03' );
INSERT INTO posts.post ( id, text, author_id, deleted_date, created_date, last_modified_date) VALUES ( 84,'Lorem ipsum dolor sit amet, consectetur adipiscing elit, sed do eiusmod tempor incididunt ut labore et dolore magna aliquaaaaaaaaaaaaaaaaaaaaaaaaaaaaaaaaaaaaaaaaaaaaaaaaaaaaaaaaaaaaaaaaaaaaaaaaaaaaaaaaaaaao  Amet mattis vulputate enim nullam Tempus quam pellentesque nec nam aliquam sem et tortorb Ultrices eros in cursus turpis massa tincidunt duiW Quisque id diam vel quam elementum1 Egestas egestas fringilla phasellus faucibus scelerisque eleifendH Enim facilisis gravida neque convallis a7
Eu facilisis sed odio morbi quis commodo odio aenean sed& Cursus risus at ultrices mi tempus imperdiet nulla) Viverra nam libero justo laoreet sit amet5 Leo duis ut diam quam nulla porttitor massar

 Aliquet nec ullamcorper sit amet risus nullammmmmmmmmmmmmmmmmmmmmmmmmmmmmmmmmmmmmmmmmmmmmmmmmmmmmmmmmmmmmmmmmmmmmmmmmmmmmmmmmmmmmmm eget felis( Sed tempus urna et pharetra pharetra massa massan
 Tincidunt lobortis feugiat vivamus at augue eget arcu> Aliquet nec ullamcorper sit amet risus nullammmmmmmmmmmmmmmmmmmmmmmmmmmmmmmmmmmmmmmmm eget felisC Sed tempus urna et pharetra pharetra massa massas Aliquet nec ullamcorper sit amet risus nullammmmmmmmmmmmmmmmmmmmmmmmmmmmmmmmmmmmmmmmmmmmmmmmmmmmmmmmmmmmmmmmmmmmmmmmmmmmmmmmmmmmmmmmmmm eget felis| Seeeeeeeeeeeeeeeeeeeeeeeeeeeeeeeeeeeeeeeeeeeeeeeeeeeeeeeeeeeeeeeeeeeeeeeeeeeeeeeeeeeeeeeeeeeeeeeeed tempus urna et pharetra pharetra massa massaaaaaaaaaaaaaaaaaaaaaaaaaaaaaaaaaaaaaaaaaaaaaaaaa/','9c0b7f94-4ee3-4a2d-a651-bbb2778f91c8',null,'2016-11-12','2017-02-28' );
INSERT INTO posts.post ( id, text, author_id, deleted_date, created_date, last_modified_date) VALUES ( 85,'Lorem ipsum dolor sit amet, consectetur adipiscing elit, sed do eiusmod tempor incididunt ut labore et dolore magna aliquaaaaaaa
 Amet mattis vulputate enim nullaw Tempus quam pellentesque nec nam aliquam sem et tortorA Ultrices eros in cursus turpis massa tincidunt duij Quisque id diam vel quam elementumY Egestas egestas fringilla phasellus faucibus scelerisque eleifend! Enim facilisis gravida neque convallis a}

Eu facilisis sed odio morbi quis commodo odio aenean sedv Cursus risus at ultrices mi tempus imperdiet nullav Viverra nam libero justo laoreet sit amet- Leo duis ut diam quam nulla porttitor massaU

 Aliquet nec ullamcorper sit amet risus nullammmmmmmmmmmmmmmmmmmmmmmmmmmmmmmmmmm eget felisC
 Sed tempus urna et pharetra pharetra massa massai
 Tincidunt lobortis feugiat vivamus at augue eget arcu7 Aliquet nec ullamcorper sit amet risus nullammmmmmmmmmmmmmmmmmmmmmmmmmmmmmmmmm eget felisd
 Sed tempus urna et pharetra pharetra massa massaH
! Aliquet nec ullamcorper sit amet risus nullammmmmmmmmmmm eget felis)
 Seeeeeeeeeeeeeeeeeeeeeeeeeeeeeeeeed tempus urna et pharetra pharetra massa massai','cd8419f3-daec-49b9-9dd7-63119ed506e3',null,'2014-06-13','2015-11-26' );
INSERT INTO posts.post ( id, text, author_id, deleted_date, created_date, last_modified_date) VALUES ( 86,'Lorem ipsum dolor sit amet, consectetur adipiscing elit, sed do eiusmod tempor incididunt ut labore et dolore magna aliquaaaaaaaaaaaaaaaaaaaaaaaaaO
 Amet mattis vulputate enim nulla1 Tempus quam pellentesque nec nam aliquam sem et tortorO Ultrices eros in cursus turpis massa tincidunt duiW Quisque id diam vel quam elementum^ Egestas egestas fringilla phasellus faucibus scelerisque eleifend0 Enim facilisis gravida neque convallis aA
Eu facilisis sed odio morbi quis commodo odio aenean sedq
 Cursus risus at ultrices mi tempus imperdiet nulla% Viverra nam libero justo laoreet sit ametr Leo duis ut diam quam nulla porttitor massag
 Aliquet nec ullamcorper sit amet risus nullammmmmmmmmmmmmmmmmmmmmmmmmmmmmmmmmmmmmmmmmmmmmmmmmmmmmmmmmmmmmmmmmmmmmmmmm eget felisq Sed tempus urna et pharetra pharetra massa massa3
 Tincidunt lobortis feugiat vivamus at augue eget arcuR Aliquet nec ullamcorper sit amet risus nullammmmm eget felisp
 Sed tempus urna et pharetra pharetra massa massa6g Aliquet nec ullamcorper sit amet risus nullammmmmmmmmmmmmmmmmmmmmmmmmmmmmmmmm eget felis~
 Seeeeeeeeeeeeeeeeeeeeeeeeeeeeeeeeeeed tempus urna et pharetra pharetra massa massaaaaaaaaah','9c0b7f94-4ee3-4a2d-a651-bbb2778f91c8',null,'2016-11-10','2015-08-05' );
INSERT INTO posts.post ( id, text, author_id, deleted_date, created_date, last_modified_date) VALUES ( 87,'Lorem ipsum dolor sit amet, consectetur adipiscing elit, sed do eiusmod tempor incididunt ut labore et dolore magna aliquaaaaaaaaaaaaaaaaaaaaaaaaaaaaaaaaaaaaaaaaaaaaaaaah
 Amet mattis vulputate enim nullaV Tempus quam pellentesque nec nam aliquam sem et tortorC Ultrices eros in cursus turpis massa tincidunt dui/ Quisque id diam vel quam elementum( Egestas egestas fringilla phasellus faucibus scelerisque eleifendd Enim facilisis gravida neque convallis af

Eu facilisis sed odio morbi quis commodo odio aenean sed_

 Cursus risus at ultrices mi tempus imperdiet nulla8 Viverra nam libero justo laoreet sit ametN Leo duis ut diam quam nulla porttitor massal

 Aliquet nec ullamcorper sit amet risus nullammmmmmmmmmmmmmmmmmmmmmmmmmmmmmmmmmmmmmmmmmmmmmmmmmmmmmmmmmmmmmmmmmmmmmmmmmmmmmmmmmmmmmmmmmmmmm eget felise Sed tempus urna et pharetra pharetra massa massaH
 Tincidunt lobortis feugiat vivamus at augue eget arcuP Aliquet nec ullamcorper sit amet risus nullammmmmmmmmmmmmmmmmmmmmmmmmmmmmmmmmmmmmmmmmmmmmmmmmmmmmmmmmmmmmmmmmmmmmmmmmmmmmmmmmmmm eget felis!
 Sed tempus urna et pharetra pharetra massa massa?
i Aliquet nec ullamcorper sit amet risus nullammmmmmmmmmmmmmmmmmmmmmmmmmmmmmmmmmmmmmmmmmmmmmmmmmmmmmmmmmmmmmmmmmmmmm eget felisZ Seeeeeeeeeeeeeeeeeeeeeeeeeeeeeeeeeeeeed tempus urna et pharetra pharetra massa massaaaaaaaaaaaaaaaaaaaaaaaaaaaaaaaaaaaaaaaaaaaaE
','9c0b7f94-4ee3-4a2d-a651-bbb2778f91c8',null,'2013-01-13','2020-02-29' );
INSERT INTO posts.post ( id, text, author_id, deleted_date, created_date, last_modified_date) VALUES ( 88,'Lorem ipsum dolor sit amet, consectetur adipiscing elit, sed do eiusmod tempor incididunt ut labore et dolore magna aliquaaaaa
 Amet mattis vulputate enim nullaZ Tempus quam pellentesque nec nam aliquam sem et tortor8 Ultrices eros in cursus turpis massa tincidunt dui7 Quisque id diam vel quam elementum< Egestas egestas fringilla phasellus faucibus scelerisque eleifendR Enim facilisis gravida neque convallis a%
Eu facilisis sed odio morbi quis commodo odio aenean sedI Cursus risus at ultrices mi tempus imperdiet nulla9 Viverra nam libero justo laoreet sit amet~ Leo duis ut diam quam nulla porttitor massaz

 Aliquet nec ullamcorper sit amet risus nullammmmmmmmmmmmmmmmmmmmmmmmmmmmmmmmmmmmmmmmmmmmmmmmmmmmmmmmmmmmmmmmmmmmmmmmmmmmmmmmmmmmmmm eget felis< Sed tempus urna et pharetra pharetra massa massau Tincidunt lobortis feugiat vivamus at augue eget arcu. Aliquet nec ullamcorper sit amet risus nullammmmmmmmmmmmm eget felisi Sed tempus urna et pharetra pharetra massa massaU
) Aliquet nec ullamcorper sit amet risus nullammmmmmmmmmmmmmmmmmmmmmmmmmmmmmmmmmmmmmmmmmmmmmmmmmmmmmmmmmmmmmm eget felisw
 Seeeeeeeeeeeeeeeeeeeeeeeeeeeeeeeeeeeeeeeeeeeeeeeeeeeeeeeeeeeeeeeed tempus urna et pharetra pharetra massa massaaaaaaaaaaaaaaaaaaaaaaaaaaaaaaaaaaaaaaaaaaaaaaaaaaaaaaaaaaaaaaaaX
','9c0b7f94-4ee3-4a2d-a651-bbb2778f91c8',null,'2015-06-30','2016-12-11' );
INSERT INTO posts.post ( id, text, author_id, deleted_date, created_date, last_modified_date) VALUES ( 89,'Lorem ipsum dolor sit amet, consectetur adipiscing elit, sed do eiusmod tempor incididunt ut labore et dolore magna aliquaaaaaaaaaaaaaaaaaaaaaaaaaaaaaaaaaaaaaaaaaaaaaaaaaaaaaaaaaaaaaaaaaaaaaaaD  Amet mattis vulputate enim nulla/ Tempus quam pellentesque nec nam aliquam sem et tortorq Ultrices eros in cursus turpis massa tincidunt duiQ Quisque id diam vel quam elementumG Egestas egestas fringilla phasellus faucibus scelerisque eleifendh Enim facilisis gravida neque convallis a) Eu facilisis sed odio morbi quis commodo odio aenean sedi

 Cursus risus at ultrices mi tempus imperdiet nullaS Viverra nam libero justo laoreet sit amet] Leo duis ut diam quam nulla porttitor massas Aliquet nec ullamcorper sit amet risus nullammmmmmmmmmmmmmmmmmmmmmmmmmmm eget felis!
 Sed tempus urna et pharetra pharetra massa massa/ Tincidunt lobortis feugiat vivamus at augue eget arcuL Aliquet nec ullamcorper sit amet risus nullammmmmmmmmmmmmmmmmmmmmm eget felis8
 Sed tempus urna et pharetra pharetra massa massa0
G Aliquet nec ullamcorper sit amet risus nullammmmmmmmmmmmmmmmmmmmmmmmmmmmmmmmmmmmmmmmmmmmmmmmmmmmmmmmmmmmmmmmmmmmmmmmmmmmmmmmmmmmmmmmmmmmmmmmmmm eget felis9 Seeeeeeeed tempus urna et pharetra pharetra massa massaaaaaaaaaaaaaaaaaaaaaaaaaaaaaaaaaaaaaaaaaaaaaaaaaaaaaaaaaaO','9c0b7f94-4ee3-4a2d-a651-bbb2778f91c8',null,'2014-12-01','2015-03-06' );
INSERT INTO posts.post ( id, text, author_id, deleted_date, created_date, last_modified_date) VALUES ( 90,'Lorem ipsum dolor sit amet, consectetur adipiscing elit, sed do eiusmod tempor incididunt ut labore et dolore magna aliquaaaaaaaaaaaaaaaaaaaaaaaaaaaaaaaaaaaaaaaaaaaaaaaaaaaaaaaaaaaaaaaaaaaaaaaaaaaaaaaaaaaaaaaaaaaaaaaaaaaaK  Amet mattis vulputate enim nulla] Tempus quam pellentesque nec nam aliquam sem et tortort Ultrices eros in cursus turpis massa tincidunt duiI Quisque id diam vel quam elementum& Egestas egestas fringilla phasellus faucibus scelerisque eleifendf Enim facilisis gravida neque convallis aj

Eu facilisis sed odio morbi quis commodo odio aenean sedt
 Cursus risus at ultrices mi tempus imperdiet nullaH Viverra nam libero justo laoreet sit ametF Leo duis ut diam quam nulla porttitor massa!

 Aliquet nec ullamcorper sit amet risus nullammmmmmmmmmmmmmmmmmmmmmmmmmmmmmmmmmmmmmmmmmmmmmmmmmmmmmmmmmmmmmmmmmmm eget felisl Sed tempus urna et pharetra pharetra massa massa)
 Tincidunt lobortis feugiat vivamus at augue eget arcum Aliquet nec ullamcorper sit amet risus nullammm eget felisE Sed tempus urna et pharetra pharetra massa massaH
J Aliquet nec ullamcorper sit amet risus nullammmmmmmmm eget felisx
 Seeeeeeeeeeeeeeeeed tempus urna et pharetra pharetra massa massaaaaaaaaaaaaaaaaaaaaaaaaA
','9c0b7f94-4ee3-4a2d-a651-bbb2778f91c8','2021-12-11T13:36:20.812Z','2014-05-18','2019-10-09' );



INSERT INTO posts.answer ( id, question_id) VALUES
( 16,2 ),
( 17,4 ),
( 18,4 ),
( 19,11 ),
( 20,8 ),
( 21,15 ),
( 22,13 ),
( 23,9 ),
( 24,1 ),
( 25,3 ),
( 26,3 ),
( 27,3 ),
( 28,15 ),
( 29,8 ),
( 30,14 ),
( 31,3 ),
( 32,14 ),
( 33,13 ),
( 34,4 ),
( 35,5 ),
( 36,13 ),
( 37,4 ),
( 38,11 ),
( 39,6 ),
( 40,9 ),
( 41,1 ),
( 42,2 ),
( 43,10 ),
( 44,12 ),
( 45,1 ),
( 46,8 ),
( 47,7 ),
( 48,13 ),
( 49,7 ),
( 50,3 ),
( 51,8 ),
( 52,1 ),
( 53,7 ),
( 54,13 ),
( 55,14 ),
( 56,3 ),
( 57,2 ),
( 58,11 ),
( 59,13 ),
( 60,1 ),
( 61,9 ),
( 62,10 ),
( 63,10 ),
( 64,6 ),
( 65,10 ),
( 66,5 ),
( 67,7 ),
( 68,11 ),
( 69,12 ),
( 70,10 ),
( 71,7 ),
( 72,11 ),
( 73,11 ),
( 74,12 ),
( 75,15 ),
( 76,8 ),
( 77,2 ),
( 78,10 ),
( 79,9 ),
( 80,8 ),
( 81,2 ),
( 82,11 ),
( 83,3 ),
( 84,15 ),
( 85,12 ),
( 86,6 ),
( 87,12 ),
( 88,1 ),
( 89,8 ),
( 90,11 );


-- accepted_answer_id row must have a foreign key to this table
UPDATE posts.question SET accepted_answer_id = 60 WHERE id = 1;
UPDATE posts.question SET accepted_answer_id = 42 WHERE id = 2;
UPDATE posts.question SET accepted_answer_id = 27 WHERE id = 3;
UPDATE posts.question SET accepted_answer_id = 34 WHERE id = 4;
UPDATE posts.question SET accepted_answer_id = 66 WHERE id = 5;
UPDATE posts.question SET accepted_answer_id = 47 WHERE id = 7;
UPDATE posts.question SET accepted_answer_id = 76 WHERE id = 8;
UPDATE posts.question SET accepted_answer_id = 61 WHERE id = 9;
UPDATE posts.question SET accepted_answer_id = 70 WHERE id = 10;
UPDATE posts.question SET accepted_answer_id = 90 WHERE id = 11;
UPDATE posts.question SET accepted_answer_id = 69 WHERE id = 12;
UPDATE posts.question SET accepted_answer_id = 22 WHERE id = 13;


Insert Into posts.comment ( id, text, author_id, post_id, deleted_date, created_date, last_modified_date) Values
( 1,'Lorem ipsuuuuuuuuum dolor sit am/Lorem ipsummmm dolor sit amet, consectetur adipiscing elit, sed do eiusmod tempor incididunt ut labore et dolore magna aliqua, Viverra nam libero justo laoreet sit ametC Leo duis ut diam quam nulla porttitor massan Aliquet nec ullamcorper sit amet risus nullammmmmmmmmmmmmmmmmmmmmmmmmmmmmmm eget felisX Aliquet nec ullamcorper sit amet risus nullaaaaaaaaam eget felisH','bd31eebb-d3e6-4377-8802-1f3f53eb7cd2',48,null,'2013-06-01','2017-05-19' ),
( 2,'Lorem ipsuuuum dolor sit am/Lorem ipsummmmmm dolor sit amet, consectetur adipiscing elit, sed do eiusmod tempor incididunt ut labore et dolore magna aliquak Viverra nam libero justo laoreet sit ametc Leo duis ut diam quam nulla porttitor massa9 Aliquet nec ullamcorper sit amet risus nullammmmmmmmmmmmmmmmmmmm eget felisG Aliquet nec ullamcorper sit amet risus nullaaaaaam eget felis ','4743d21b-e993-4fa6-a65a-08a6afa00be5',50,null,'2013-08-31','2015-09-24' ),
( 3,'Lorem ipsuuuuuuum dolor sit am/Lorem ipsummmmmmm dolor sit amet, consectetur adipiscing elit, sed do eiusmod tempor incididunt ut labore et dolore magna aliqua) Viverra nam libero justo laoreet sit amets Leo duis ut diam quam nulla porttitor massao Aliquet nec ullamcorper sit amet risus nullammmmmmmmmmmmmmmmmmmmmmmmmmmmmmmmmmmmmmmmmmmmmmmmmmmmmmmmmmmmmmmmm eget felis6 Aliquet nec ullamcorper sit amet risus nullaaaaam eget felis1','bd31eebb-d3e6-4377-8802-1f3f53eb7cd2',11,null,'2014-02-06','2015-09-12' ),
( 4,'Lorem ipsuuuuuuuuum dolor sit am/Lorem ipsummmmmm dolor sit amet, consectetur adipiscing elit, sed do eiusmod tempor incididunt ut labore et dolore magna aliquaQ Viverra nam libero justo laoreet sit amet} Leo duis ut diam quam nulla porttitor massaS Aliquet nec ullamcorper sit amet risus nullammmmmmmmmmmmmmmmmmmmmmmmmmmmmmmmmmmmmmmmmmmmmmmmmmmmmmmmmmmmmmmmmmmmmmmmmmm eget felis4 Aliquet nec ullamcorper sit amet risus nullaaaaaaaaam eget felis]','bd31eebb-d3e6-4377-8802-1f3f53eb7cd2',46,null,'2014-07-10','2018-11-30' ),
( 5,'Lorem ipsuuuuuum dolor sit am/Lorem ipsummmm dolor sit amet, consectetur adipiscing elit, sed do eiusmod tempor incididunt ut labore et dolore magna aliquaj Viverra nam libero justo laoreet sit ametH Leo duis ut diam quam nulla porttitor massaV Aliquet nec ullamcorper sit amet risus nullammmmmmmmmmmmmmmmmmmmmmmmmmmmmmmmmmmmmmmmmmmmmmmmmmmmmmmmmmmmmmmmmmmmmmmmmmmmmmmmmmmmmmmmmmmmmm eget felis  Aliquet nec ullamcorper sit amet risus nullam eget felisN','bd31eebb-d3e6-4377-8802-1f3f53eb7cd2',22,null,'2014-06-08','2020-10-19' ),
( 6,'Lorem ipsuuum dolor sit am/Lorem ipsum dolor sit amet, consectetur adipiscing elit, sed do eiusmod tempor incididunt ut labore et dolore magna aliqua$ Viverra nam libero justo laoreet sit amet# Leo duis ut diam quam nulla porttitor massaG Aliquet nec ullamcorper sit amet risus nullammmmmmmmmmmmmmmmmmmmmmmmmmmmmmmmmmmmmmmmmmmmmmmmmmmmmmmmmmmmmmmmmmmmmmmmmmmmmmmmmmmmmmmmmmmmmmmmmmmmm eget felis/ Aliquet nec ullamcorper sit amet risus nullaaaaaaam eget felisx','cd8419f3-daec-49b9-9dd7-63119ed506e3',16,null,'2014-09-30','2020-11-26' ),
( 7,'Lorem ipsuuuuuuuuuum dolor sit am/Lorem ipsummmmmmm dolor sit amet, consectetur adipiscing elit, sed do eiusmod tempor incididunt ut labore et dolore magna aliquaY Viverra nam libero justo laoreet sit amet7 Leo duis ut diam quam nulla porttitor massad Aliquet nec ullamcorper sit amet risus nullammmmmmmmmmmmmmmmmmmmmmmmmmmmmmmmmmmmmmmmmmmmmmmmmmmmmmmmmmmmmmmmmmmmmmmmmmmmmmmmmmmmmmm eget felis` Aliquet nec ullamcorper sit amet risus nullam eget felis#','ed3f590a-4e5d-47de-909a-7380cf9daadc',46,null,'2014-05-15','2018-05-23' ),
( 8,'Lorem ipsuuuuuuuum dolor sit am/Lorem ipsummmmmm dolor sit amet, consectetur adipiscing elit, sed do eiusmod tempor incididunt ut labore et dolore magna aliqua@ Viverra nam libero justo laoreet sit ametC Leo duis ut diam quam nulla porttitor massaW Aliquet nec ullamcorper sit amet risus nullammmmmmmmmmmmmmmmmmmmmmmmmmmmmmmmmmmmmmmmmmmmmmmmmmmmmmmmmmmmmmmmmmmmmmmmmmmmmmmmmmmmmm eget felis| Aliquet nec ullamcorper sit amet risus nullaaaaaam eget felis4','cd8419f3-daec-49b9-9dd7-63119ed506e3',29,null,'2014-05-03','2016-06-27' ),
( 9,'Lorem ipsuum dolor sit am/Lorem ipsummmmmmm dolor sit amet, consectetur adipiscing elit, sed do eiusmod tempor incididunt ut labore et dolore magna aliquam Viverra nam libero justo laoreet sit ametS Leo duis ut diam quam nulla porttitor massa/ Aliquet nec ullamcorper sit amet risus nullammmmmmmmmmmmmmmmmmmmmmmmmmmmmmmmmmmmmmmmmmmmmmmmmmmmmmmmmmmmmmmmmmmm eget felis" Aliquet nec ullamcorper sit amet risus nullaaaaaam eget felisI','4743d21b-e993-4fa6-a65a-08a6afa00be5',29,null,'2013-04-07','2020-08-04' ),
( 10,'Lorem ipsuuuuuuuuum dolor sit am/Lorem ipsummmmm dolor sit amet, consectetur adipiscing elit, sed do eiusmod tempor incididunt ut labore et dolore magna aliquaJ Viverra nam libero justo laoreet sit amet. Leo duis ut diam quam nulla porttitor massa~ Aliquet nec ullamcorper sit amet risus nullammmmmmmmmmmmmmmmmmmmmmmmmmmmmmmmmmmmmmmmmmmmmmmmmmmmmmmmmmmmmmmmmmmmmmmmmmmmmmmmmmmmmmmmmmmmmm eget felisg Aliquet nec ullamcorper sit amet risus nullaaaaam eget felisR','cd8419f3-daec-49b9-9dd7-63119ed506e3',31,null,'2014-06-01','2020-02-21' ),
( 11,'Lorem ipsuuuuum dolor sit am/Lorem ipsummmmmmmm dolor sit amet, consectetur adipiscing elit, sed do eiusmod tempor incididunt ut labore et dolore magna aliquaz Viverra nam libero justo laoreet sit amet'' Leo duis ut diam quam nulla porttitor massaN Aliquet nec ullamcorper sit amet risus nullammmmmmmmmmmmmmmmmmmmmmmmmmmmmmmmmm eget felisf Aliquet nec ullamcorper sit amet risus nullaam eget felis4','9c0b7f94-4ee3-4a2d-a651-bbb2778f91c8',22,null,'2016-05-06','2020-08-31' ),
( 12,'Lorem ipsuuuuuum dolor sit am/Lorem ipsummmmmmmmmm dolor sit amet, consectetur adipiscing elit, sed do eiusmod tempor incididunt ut labore et dolore magna aliqua> Viverra nam libero justo laoreet sit ametp Leo duis ut diam quam nulla porttitor massa- Aliquet nec ullamcorper sit amet risus nullammmmmmmmmmmmmmmmmmmmmmmmmmmmmmmmmmmmmmmmmmmmmmmmmmmmmmmmmmmmmmmmmmmmmmmm eget felis4 Aliquet nec ullamcorper sit amet risus nullam eget felisw','bd31eebb-d3e6-4377-8802-1f3f53eb7cd2',12,'2021-12-11T19:41:23.417Z','2015-03-09','2020-09-18' ),
( 13,'Lorem ipsuuuum dolor sit am/Lorem ipsummmmmmm dolor sit amet, consectetur adipiscing elit, sed do eiusmod tempor incididunt ut labore et dolore magna aliquaC Viverra nam libero justo laoreet sit amet) Leo duis ut diam quam nulla porttitor massaM Aliquet nec ullamcorper sit amet risus nullammmmmmmmmmmmmmmmmmmmmmmm eget felis! Aliquet nec ullamcorper sit amet risus nullaaaaaaam eget felisO','bd31eebb-d3e6-4377-8802-1f3f53eb7cd2',38,null,'2014-05-02','2019-04-28' ),
( 14,'Lorem ipsuuuuuum dolor sit am/Lorem ipsummmmmm dolor sit amet, consectetur adipiscing elit, sed do eiusmod tempor incididunt ut labore et dolore magna aliqua7 Viverra nam libero justo laoreet sit ametm Leo duis ut diam quam nulla porttitor massav Aliquet nec ullamcorper sit amet risus nullammmmmmmmmmmmmmmmmmmmmmmmmmmmmmmmmmmmmmmmmmmmmmm eget felisY Aliquet nec ullamcorper sit amet risus nullaaaaaaaaaam eget felisJ','9c0b7f94-4ee3-4a2d-a651-bbb2778f91c8',27,null,'2013-04-24','2018-02-07' ),
( 15,'Lorem ipsum dolor sit am/Lorem ipsummmmm dolor sit amet, consectetur adipiscing elit, sed do eiusmod tempor incididunt ut labore et dolore magna aliqual Viverra nam libero justo laoreet sit ametq Leo duis ut diam quam nulla porttitor massaa Aliquet nec ullamcorper sit amet risus nullammm eget felisJ Aliquet nec ullamcorper sit amet risus nullaaaaaam eget felisL','9efccbde-c145-484e-aa25-4c57f8131bcc',48,null,'2016-03-18','2018-10-01' ),
( 16,'Lorem ipsuum dolor sit am/Lorem ipsummmmmmm dolor sit amet, consectetur adipiscing elit, sed do eiusmod tempor incididunt ut labore et dolore magna aliqua'' Viverra nam libero justo laoreet sit ametd Leo duis ut diam quam nulla porttitor massaT Aliquet nec ullamcorper sit amet risus nullammmmmmmmmmmmmmmmmmmmmmmmmmmmmmmmmmmmmmmmmmmmmmmmmmmmmmmmmmmmmmmmm eget felisg Aliquet nec ullamcorper sit amet risus nullaaaaam eget felisW','bd31eebb-d3e6-4377-8802-1f3f53eb7cd2',46,null,'2014-01-25','2016-10-02' ),
( 17,'Lorem ipsuuuum dolor sit am/Lorem ipsummmmmm dolor sit amet, consectetur adipiscing elit, sed do eiusmod tempor incididunt ut labore et dolore magna aliquaU Viverra nam libero justo laoreet sit amet| Leo duis ut diam quam nulla porttitor massa  Aliquet nec ullamcorper sit amet risus nullammmmmmmmmmmmmmm eget felis9 Aliquet nec ullamcorper sit amet risus nullaaaam eget felisV','9c0b7f94-4ee3-4a2d-a651-bbb2778f91c8',32,null,'2016-08-30','2015-11-04' ),
( 18,'Lorem ipsuuuum dolor sit am/Lorem ipsumm dolor sit amet, consectetur adipiscing elit, sed do eiusmod tempor incididunt ut labore et dolore magna aliquau Viverra nam libero justo laoreet sit amet[ Leo duis ut diam quam nulla porttitor massat Aliquet nec ullamcorper sit amet risus nullammmmmmmmmmmmmmmmmmmmmmmmmmmmmm eget felisB Aliquet nec ullamcorper sit amet risus nullaaam eget felis&','bd31eebb-d3e6-4377-8802-1f3f53eb7cd2',44,null,'2013-12-03','2017-06-06' ),
( 19,'Lorem ipsuum dolor sit am/Lorem ipsummmmmm dolor sit amet, consectetur adipiscing elit, sed do eiusmod tempor incididunt ut labore et dolore magna aliqua$ Viverra nam libero justo laoreet sit ametj Leo duis ut diam quam nulla porttitor massa. Aliquet nec ullamcorper sit amet risus nullammmmmmmmmmmmmmmmmm eget felisO Aliquet nec ullamcorper sit amet risus nullam eget felis7','9c0b7f94-4ee3-4a2d-a651-bbb2778f91c8',21,null,'2013-11-11','2020-03-19' ),
( 20,'Lorem ipsuuuuuum dolor sit am/Lorem ipsummmmmmmmm dolor sit amet, consectetur adipiscing elit, sed do eiusmod tempor incididunt ut labore et dolore magna aliqua* Viverra nam libero justo laoreet sit ametB Leo duis ut diam quam nulla porttitor massa0 Aliquet nec ullamcorper sit amet risus nullammmmmmmmmmmmmmmmmmmmmmmmmmmmmmmmmmmmmmmmmmmmmmmmmmmmmmmmmmmmmmmmmmmmmmmmmmmmmmmmmmmmmmmmmmmmmmmmmmm eget felisT Aliquet nec ullamcorper sit amet risus nullaaaam eget felis`','bd31eebb-d3e6-4377-8802-1f3f53eb7cd2',38,null,'2016-08-03','2020-12-20' ),
( 21,'Lorem ipsuuum dolor sit am/Lorem ipsummmmmmmmm dolor sit amet, consectetur adipiscing elit, sed do eiusmod tempor incididunt ut labore et dolore magna aliquaX Viverra nam libero justo laoreet sit amet7 Leo duis ut diam quam nulla porttitor massaW Aliquet nec ullamcorper sit amet risus nullammmmmmmmmmmmmmmmmmmmmmmmmmmmmmmmmmmmmmmmmmmmmmmmmmmmmm eget felis, Aliquet nec ullamcorper sit amet risus nullaaaaam eget felisa','9c0b7f94-4ee3-4a2d-a651-bbb2778f91c8',24,null,'2014-04-18','2017-03-25' ),
( 22,'Lorem ipsuuuuuuuuuum dolor sit am/Lorem ipsummmmm dolor sit amet, consectetur adipiscing elit, sed do eiusmod tempor incididunt ut labore et dolore magna aliqua$ Viverra nam libero justo laoreet sit amet> Leo duis ut diam quam nulla porttitor massa( Aliquet nec ullamcorper sit amet risus nullammmmmmmmmmmmmmmmmmmmmmmmmmmmmmmmmmmmmmmmmmmmmmmmmmmmmmmmmmmmmmmmmmmmmmmmmmmmmmmmmmmmmmmmmmmm eget felisX Aliquet nec ullamcorper sit amet risus nullaaaaaaaam eget felisc','4743d21b-e993-4fa6-a65a-08a6afa00be5',33,null,'2016-06-06','2020-04-29' ),
( 23,'Lorem ipsuuuuum dolor sit am/Lorem ipsum dolor sit amet, consectetur adipiscing elit, sed do eiusmod tempor incididunt ut labore et dolore magna aliqua3 Viverra nam libero justo laoreet sit ametV Leo duis ut diam quam nulla porttitor massaN Aliquet nec ullamcorper sit amet risus nullammmmmmmmmmmmmmmmmmmmmmmmmmmmmmmmmmmmmmmmmmmmmmmmmm eget felisf Aliquet nec ullamcorper sit amet risus nullaam eget felis&','9efccbde-c145-484e-aa25-4c57f8131bcc',11,null,'2013-05-28','2017-04-26' ),
( 24,'Lorem ipsuuuuuuuum dolor sit am/Lorem ipsummm dolor sit amet, consectetur adipiscing elit, sed do eiusmod tempor incididunt ut labore et dolore magna aliquas Viverra nam libero justo laoreet sit ametq Leo duis ut diam quam nulla porttitor massa% Aliquet nec ullamcorper sit amet risus nullammmmmmmmmmmmmm eget feliso Aliquet nec ullamcorper sit amet risus nullaam eget felis^','9efccbde-c145-484e-aa25-4c57f8131bcc',33,null,'2014-01-05','2018-10-22' ),
( 25,'Lorem ipsum dolor sit am/Lorem ipsummmmmmmm dolor sit amet, consectetur adipiscing elit, sed do eiusmod tempor incididunt ut labore et dolore magna aliqua^ Viverra nam libero justo laoreet sit ametT Leo duis ut diam quam nulla porttitor massaC Aliquet nec ullamcorper sit amet risus nullammmmmmmmmmmmmmmmmmmmmmmmmmmmmmmmmmmmmmmmmmmmmmmmm eget feliso Aliquet nec ullamcorper sit amet risus nullaaaam eget felisQ','ed3f590a-4e5d-47de-909a-7380cf9daadc',42,null,'2013-03-07','2015-08-31' ),
( 26,'Lorem ipsuuum dolor sit am/Lorem ipsummm dolor sit amet, consectetur adipiscing elit, sed do eiusmod tempor incididunt ut labore et dolore magna aliquap Viverra nam libero justo laoreet sit amet. Leo duis ut diam quam nulla porttitor massap Aliquet nec ullamcorper sit amet risus nullammmm eget felisg Aliquet nec ullamcorper sit amet risus nullaaaaaaaaaam eget felisj','ed3f590a-4e5d-47de-909a-7380cf9daadc',17,null,'2014-11-04','2020-06-18' ),
( 27,'Lorem ipsuuuuuuum dolor sit am/Lorem ipsummmmmmmmm dolor sit amet, consectetur adipiscing elit, sed do eiusmod tempor incididunt ut labore et dolore magna aliqua= Viverra nam libero justo laoreet sit amet4 Leo duis ut diam quam nulla porttitor massaW Aliquet nec ullamcorper sit amet risus nullammmmmmmmmmmmmmmmmmmmmmmmmmmmmmmmmmmmmmmmmmmmmmm eget felisy Aliquet nec ullamcorper sit amet risus nullaaam eget felis9','cd8419f3-daec-49b9-9dd7-63119ed506e3',11,null,'2014-06-11','2015-09-13' ),
( 28,'Lorem ipsuuuuuuuum dolor sit am/Lorem ipsummmmmmmm dolor sit amet, consectetur adipiscing elit, sed do eiusmod tempor incididunt ut labore et dolore magna aliqua2 Viverra nam libero justo laoreet sit ametY Leo duis ut diam quam nulla porttitor massaI Aliquet nec ullamcorper sit amet risus nullam eget felisf Aliquet nec ullamcorper sit amet risus nullaam eget felis`','9efccbde-c145-484e-aa25-4c57f8131bcc',28,null,'2015-12-10','2016-11-13' ),
( 29,'Lorem ipsuuuuuuuuuum dolor sit am/Lorem ipsum dolor sit amet, consectetur adipiscing elit, sed do eiusmod tempor incididunt ut labore et dolore magna aliquaM Viverra nam libero justo laoreet sit amet@ Leo duis ut diam quam nulla porttitor massa Aliquet nec ullamcorper sit amet risus nullammmmmmmmmmmmmmmmmmmmmmmmmmmmmmmmmmmmmmmmmmmmmmmmmmmmmmmmmmmmmmmmmmmmmmmmmmmmmmmmmmmmmmmmmmmmmmmmm eget felis5 Aliquet nec ullamcorper sit amet risus nullaaaaaaaaaam eget felisn','4743d21b-e993-4fa6-a65a-08a6afa00be5',15,null,'2016-07-30','2019-01-25' ),
( 30,'Lorem ipsuuuuuuuum dolor sit am/Lorem ipsummmmmm dolor sit amet, consectetur adipiscing elit, sed do eiusmod tempor incididunt ut labore et dolore magna aliqua Viverra nam libero justo laoreet sit ametG Leo duis ut diam quam nulla porttitor massaI Aliquet nec ullamcorper sit amet risus nullammmmmmmmmmmmmmmmmmmmmmmmmmmmmmmmmmmmmmmmmmmmmmmmmmmmmmmmmmmmmmmmmmmmmmmmmmmmmm eget felisy Aliquet nec ullamcorper sit amet risus nullaaaam eget felisk','bd31eebb-d3e6-4377-8802-1f3f53eb7cd2',46,null,'2015-01-12','2017-07-13' ),
( 31,'Lorem ipsuuuuuuuuuum dolor sit am/Lorem ipsummmmmmmmmm dolor sit amet, consectetur adipiscing elit, sed do eiusmod tempor incididunt ut labore et dolore magna aliquaq Viverra nam libero justo laoreet sit ametA Leo duis ut diam quam nulla porttitor massaJ Aliquet nec ullamcorper sit amet risus nullammmmmmmmmmmmmmmmmmmmmmmmmmmmmmmmmmmmmmmmmmmmmmmmmmmmmmmmmmmmmmmmmmmmmmmmmmmmmmmmmmmmmmmmmmm eget felisd Aliquet nec ullamcorper sit amet risus nullaaaaam eget felis)','ed3f590a-4e5d-47de-909a-7380cf9daadc',18,'2021-12-11T19:41:23.426Z','2015-08-21','2019-06-22' ),
( 32,'Lorem ipsuum dolor sit am/Lorem ipsummmmmmm dolor sit amet, consectetur adipiscing elit, sed do eiusmod tempor incididunt ut labore et dolore magna aliquaq Viverra nam libero justo laoreet sit amet, Leo duis ut diam quam nulla porttitor massa: Aliquet nec ullamcorper sit amet risus nullammmmmmmmmmmmmmmmmmmmmmmmmmmmmmmmmmmmmmmmmmmmmmmmmmmmmmmmmmmmmm eget felis+ Aliquet nec ullamcorper sit amet risus nullam eget felisx','4743d21b-e993-4fa6-a65a-08a6afa00be5',31,null,'2014-10-20','2016-06-22' ),
( 33,'Lorem ipsuuuuuuum dolor sit am/Lorem ipsummmmm dolor sit amet, consectetur adipiscing elit, sed do eiusmod tempor incididunt ut labore et dolore magna aliquaV Viverra nam libero justo laoreet sit amet* Leo duis ut diam quam nulla porttitor massa'' Aliquet nec ullamcorper sit amet risus nullammmmmmmmmmmmmmmmmmmmmmmmmmmmmmmmmmmmmmmmmmmmmmmmmmmmmmmmm eget felisu Aliquet nec ullamcorper sit amet risus nullaaaam eget felisQ','cd8419f3-daec-49b9-9dd7-63119ed506e3',43,null,'2015-11-12','2017-12-07' ),
( 34,'Lorem ipsuuuuuuuum dolor sit am/Lorem ipsum dolor sit amet, consectetur adipiscing elit, sed do eiusmod tempor incididunt ut labore et dolore magna aliquaB Viverra nam libero justo laoreet sit amet: Leo duis ut diam quam nulla porttitor massas Aliquet nec ullamcorper sit amet risus nullammmmmmmmmmmmmmmmmmmmmmmmmmmmmmmmmmmmmmmmmmmmmmmmmmmmmmmmmmmmmmmmmmmmmmmmmmmmmmmmmmmmmmmmmmmmmmmmm eget felisG Aliquet nec ullamcorper sit amet risus nullaaaam eget felist','4743d21b-e993-4fa6-a65a-08a6afa00be5',18,null,'2013-02-04','2016-10-20' ),
( 35,'Lorem ipsuuuuuuuuuum dolor sit am/Lorem ipsum dolor sit amet, consectetur adipiscing elit, sed do eiusmod tempor incididunt ut labore et dolore magna aliquaY Viverra nam libero justo laoreet sit ameto Leo duis ut diam quam nulla porttitor massaP Aliquet nec ullamcorper sit amet risus nullammmmmmm eget felisJ Aliquet nec ullamcorper sit amet risus nullam eget felis0','ed3f590a-4e5d-47de-909a-7380cf9daadc',17,null,'2013-11-28','2016-11-01' ),
( 36,'Lorem ipsuuuuuum dolor sit am/Lorem ipsum dolor sit amet, consectetur adipiscing elit, sed do eiusmod tempor incididunt ut labore et dolore magna aliquaq Viverra nam libero justo laoreet sit amet4 Leo duis ut diam quam nulla porttitor massa* Aliquet nec ullamcorper sit amet risus nullammmmmmmmmmmmmmmmmmmmmmmmmmmmmmmmmmmmmmmmmmmmmmmmmmmmmmmmmmmmmmmmmmmmmmmmmmmmmmmmmmmmm eget felis- Aliquet nec ullamcorper sit amet risus nullaaaaam eget felisP','cd8419f3-daec-49b9-9dd7-63119ed506e3',23,null,'2013-01-25','2016-08-18' ),
( 37,'Lorem ipsuuum dolor sit am/Lorem ipsummmm dolor sit amet, consectetur adipiscing elit, sed do eiusmod tempor incididunt ut labore et dolore magna aliquaA Viverra nam libero justo laoreet sit amet` Leo duis ut diam quam nulla porttitor massab Aliquet nec ullamcorper sit amet risus nullammmmmmmmmmmmmmmmmmmmmmmmmmmmmmmmmmmmmm eget felis" Aliquet nec ullamcorper sit amet risus nullaaaaaaaaaam eget felisp','9c0b7f94-4ee3-4a2d-a651-bbb2778f91c8',17,null,'2014-10-13','2020-10-15' ),
( 38,'Lorem ipsuuum dolor sit am/Lorem ipsum dolor sit amet, consectetur adipiscing elit, sed do eiusmod tempor incididunt ut labore et dolore magna aliqua3 Viverra nam libero justo laoreet sit amet: Leo duis ut diam quam nulla porttitor massa{ Aliquet nec ullamcorper sit amet risus nullammmmmmmmmmmmmmmmmmmmmmmmmmmmmmmmmmmmm eget felis] Aliquet nec ullamcorper sit amet risus nullaaaaam eget felis3','4743d21b-e993-4fa6-a65a-08a6afa00be5',35,'2021-12-11T19:41:23.428Z','2014-01-04','2018-07-26' ),
( 39,'Lorem ipsuuuuuuum dolor sit am/Lorem ipsummmmmmmmm dolor sit amet, consectetur adipiscing elit, sed do eiusmod tempor incididunt ut labore et dolore magna aliqua3 Viverra nam libero justo laoreet sit amete Leo duis ut diam quam nulla porttitor massa! Aliquet nec ullamcorper sit amet risus nullammmmmmmmmmmmmmmmmmmmmmmmmmmmmmmmmmmmmmmmmmmmmmmmmmmmmmmmmmmm eget felis Aliquet nec ullamcorper sit amet risus nullaaaaaaaaaam eget felis ','ed3f590a-4e5d-47de-909a-7380cf9daadc',27,null,'2014-07-05','2015-07-08' ),
( 40,'Lorem ipsuuum dolor sit am/Lorem ipsummm dolor sit amet, consectetur adipiscing elit, sed do eiusmod tempor incididunt ut labore et dolore magna aliquaF Viverra nam libero justo laoreet sit ametJ Leo duis ut diam quam nulla porttitor massa( Aliquet nec ullamcorper sit amet risus nullammmmm eget felis= Aliquet nec ullamcorper sit amet risus nullaaam eget felisw','cd8419f3-daec-49b9-9dd7-63119ed506e3',28,null,'2013-01-17','2015-05-21' ),
( 41,'Lorem ipsuuuuuuuum dolor sit am/Lorem ipsummmmmmmmm dolor sit amet, consectetur adipiscing elit, sed do eiusmod tempor incididunt ut labore et dolore magna aliquas Viverra nam libero justo laoreet sit ametC Leo duis ut diam quam nulla porttitor massau Aliquet nec ullamcorper sit amet risus nullammmmmmmmmmmmmmmmmmmmmmmmmmmmmmmmmmmmmmmmmmmmmmmmmmmmmmmmmmmmmmmmmmmmmmmmmmmmmmmmmmmmmmmmmmmmmmmmmmm eget felisJ Aliquet nec ullamcorper sit amet risus nullam eget felis(','ed3f590a-4e5d-47de-909a-7380cf9daadc',46,null,'2016-07-28','2015-02-17' ),
( 42,'Lorem ipsuum dolor sit am/Lorem ipsummmmmm dolor sit amet, consectetur adipiscing elit, sed do eiusmod tempor incididunt ut labore et dolore magna aliquaS Viverra nam libero justo laoreet sit amet; Leo duis ut diam quam nulla porttitor massa'' Aliquet nec ullamcorper sit amet risus nullammmmmmmmmmmmmmmmmmmmmmmmmmmmmmmmmmmmmmmmmmmmm eget felisV Aliquet nec ullamcorper sit amet risus nullaaaaaaaaaam eget felis<','cd8419f3-daec-49b9-9dd7-63119ed506e3',45,null,'2014-08-31','2016-01-04' ),
( 43,'Lorem ipsuum dolor sit am/Lorem ipsummmmmmmmm dolor sit amet, consectetur adipiscing elit, sed do eiusmod tempor incididunt ut labore et dolore magna aliqua= Viverra nam libero justo laoreet sit ametR Leo duis ut diam quam nulla porttitor massa4 Aliquet nec ullamcorper sit amet risus nullammmmmmmmmmmmmmmmmmmmm eget felis- Aliquet nec ullamcorper sit amet risus nullaam eget felism','9efccbde-c145-484e-aa25-4c57f8131bcc',31,null,'2016-10-14','2017-09-13' ),
( 44,'Lorem ipsuuuuuuum dolor sit am/Lorem ipsummmmm dolor sit amet, consectetur adipiscing elit, sed do eiusmod tempor incididunt ut labore et dolore magna aliqua  Viverra nam libero justo laoreet sit amet6 Leo duis ut diam quam nulla porttitor massag Aliquet nec ullamcorper sit amet risus nullammmmmmmmmmmmmmmmmmmmmmmmmmmmmmmmmmmmmmmmmmmmmmmmmmmmmmmmmmmmmmmmmmmmmmmmmmmmmmmmmmmmm eget felisz Aliquet nec ullamcorper sit amet risus nullaaaaaaaaaam eget felisy','ed3f590a-4e5d-47de-909a-7380cf9daadc',20,'2021-12-11T19:41:23.429Z','2015-05-08','2018-05-11' ),
( 45,'Lorem ipsuuuuuuuuuum dolor sit am/Lorem ipsummmmmmm dolor sit amet, consectetur adipiscing elit, sed do eiusmod tempor incididunt ut labore et dolore magna aliquax Viverra nam libero justo laoreet sit amet? Leo duis ut diam quam nulla porttitor massaq Aliquet nec ullamcorper sit amet risus nullammmmmmmmmmmmmmmmmmmmmmmmmmmmmmmmmmmmmmmmmmmmmmmmmmmmmmmmmmmmmmmm eget felis" Aliquet nec ullamcorper sit amet risus nullaam eget felisH','bd31eebb-d3e6-4377-8802-1f3f53eb7cd2',43,null,'2015-04-14','2015-05-05' ),
( 46,'Lorem ipsuuum dolor sit am/Lorem ipsummmm dolor sit amet, consectetur adipiscing elit, sed do eiusmod tempor incididunt ut labore et dolore magna aliqua, Viverra nam libero justo laoreet sit amet- Leo duis ut diam quam nulla porttitor massaf Aliquet nec ullamcorper sit amet risus nullammmmmmmmmmmmmmmmmmmmmmmmmmmmmmmmmmmmmm eget felisx Aliquet nec ullamcorper sit amet risus nullaaaaaaaaam eget felis<','9efccbde-c145-484e-aa25-4c57f8131bcc',13,null,'2016-05-25','2020-01-28' ),
( 47,'Lorem ipsuuum dolor sit am/Lorem ipsummmmmmmmm dolor sit amet, consectetur adipiscing elit, sed do eiusmod tempor incididunt ut labore et dolore magna aliquar Viverra nam libero justo laoreet sit amet[ Leo duis ut diam quam nulla porttitor massaP Aliquet nec ullamcorper sit amet risus nullammmmmm eget felis] Aliquet nec ullamcorper sit amet risus nullaaam eget felism','9c0b7f94-4ee3-4a2d-a651-bbb2778f91c8',34,null,'2015-01-11','2019-12-29' ),
( 48,'Lorem ipsuuuuuuuum dolor sit am/Lorem ipsumm dolor sit amet, consectetur adipiscing elit, sed do eiusmod tempor incididunt ut labore et dolore magna aliquaM Viverra nam libero justo laoreet sit ametY Leo duis ut diam quam nulla porttitor massa) Aliquet nec ullamcorper sit amet risus nullammmmmmmmmmmmmmmmmmmmmmmmmmmmmmmmmmmmmmmmmmmmmmmmmmmmmmmmmmmmmmmmmmmmmm eget felisf Aliquet nec ullamcorper sit amet risus nullaaaaaaaaam eget felis.','cd8419f3-daec-49b9-9dd7-63119ed506e3',36,null,'2016-12-24','2017-01-29' ),
( 49,'Lorem ipsuuuuuum dolor sit am/Lorem ipsummm dolor sit amet, consectetur adipiscing elit, sed do eiusmod tempor incididunt ut labore et dolore magna aliquaY Viverra nam libero justo laoreet sit amet] Leo duis ut diam quam nulla porttitor massa5 Aliquet nec ullamcorper sit amet risus nullammmmmmmmmmmmmmmmmmmmmmmmmmmmmmmmmmmmmmmmmmmmmmmmmmmmmmmmm eget felis{ Aliquet nec ullamcorper sit amet risus nullaaaaaaaaam eget felisK','9efccbde-c145-484e-aa25-4c57f8131bcc',21,null,'2016-08-10','2019-07-28' ),
( 50,'Lorem ipsuuuuuuuuum dolor sit am/Lorem ipsummmmm dolor sit amet, consectetur adipiscing elit, sed do eiusmod tempor incididunt ut labore et dolore magna aliqua& Viverra nam libero justo laoreet sit amett Leo duis ut diam quam nulla porttitor massaG Aliquet nec ullamcorper sit amet risus nullammmmmmmmmmmmmmmmmmmmmmmmmmmmmmmmmmmmmm eget felisQ Aliquet nec ullamcorper sit amet risus nullaaaaaaam eget felis<','ed3f590a-4e5d-47de-909a-7380cf9daadc',33,null,'2014-12-30','2016-05-28' ),
( 51,'Lorem ipsuuuuuuuuum dolor sit am/Lorem ipsumm dolor sit amet, consectetur adipiscing elit, sed do eiusmod tempor incididunt ut labore et dolore magna aliquaB Viverra nam libero justo laoreet sit ametW Leo duis ut diam quam nulla porttitor massa@ Aliquet nec ullamcorper sit amet risus nullam eget felis: Aliquet nec ullamcorper sit amet risus nullaaaaam eget felis]','9efccbde-c145-484e-aa25-4c57f8131bcc',18,'2021-12-11T19:41:23.430Z','2013-10-13','2019-02-04' ),
( 52,'Lorem ipsuuuum dolor sit am/Lorem ipsummm dolor sit amet, consectetur adipiscing elit, sed do eiusmod tempor incididunt ut labore et dolore magna aliquaW Viverra nam libero justo laoreet sit amet@ Leo duis ut diam quam nulla porttitor massax Aliquet nec ullamcorper sit amet risus nullammmmmmmmmmmmmmmmmmmmmmmmmmmmmmmmmmmmmmmmmmmmmmmmmmmmmmmmmmmmmmmmmmmmmmmmmmmmmmmmm eget felis3 Aliquet nec ullamcorper sit amet risus nullaam eget felis','ed3f590a-4e5d-47de-909a-7380cf9daadc',29,null,'2016-08-30','2018-02-19' ),
( 53,'Lorem ipsum dolor sit am/Lorem ipsummmmmm dolor sit amet, consectetur adipiscing elit, sed do eiusmod tempor incididunt ut labore et dolore magna aliquaO Viverra nam libero justo laoreet sit ametT Leo duis ut diam quam nulla porttitor massaZ Aliquet nec ullamcorper sit amet risus nullammmmmmmmmmmmmmmmmmmmmmmmmmmmmmmmmmmmmmmmmmmmmmmmmmmmmmmmmmmm eget felis! Aliquet nec ullamcorper sit amet risus nullaam eget felisX','ed3f590a-4e5d-47de-909a-7380cf9daadc',23,null,'2015-01-03','2019-11-26' ),
( 54,'Lorem ipsuuuuuuuuum dolor sit am/Lorem ipsummmmmmmmm dolor sit amet, consectetur adipiscing elit, sed do eiusmod tempor incididunt ut labore et dolore magna aliqua5 Viverra nam libero justo laoreet sit amet3 Leo duis ut diam quam nulla porttitor massaU Aliquet nec ullamcorper sit amet risus nullammmmmmmmmmmmmmmmmmmmmmmmmmmmmmmmmmmmmmmmmmmmmmmmmmmmmmmmmmmmmmmmmmmmmmmmmmmmmmmmmmmmmmmmmmmmmmmmmmm eget felisV Aliquet nec ullamcorper sit amet risus nullaaaaaaaaam eget felis-','9efccbde-c145-484e-aa25-4c57f8131bcc',21,null,'2015-02-23','2015-08-11' ),
( 55,'Lorem ipsuuuuum dolor sit am/Lorem ipsummm dolor sit amet, consectetur adipiscing elit, sed do eiusmod tempor incididunt ut labore et dolore magna aliqua2 Viverra nam libero justo laoreet sit amet: Leo duis ut diam quam nulla porttitor massa! Aliquet nec ullamcorper sit amet risus nullammmmmmmmmmmmmmmmmmm eget felisx Aliquet nec ullamcorper sit amet risus nullaaaaaaam eget felisR','cd8419f3-daec-49b9-9dd7-63119ed506e3',27,null,'2014-10-24','2019-11-05' ),
( 56,'Lorem ipsuuuuuuuuum dolor sit am/Lorem ipsummmmm dolor sit amet, consectetur adipiscing elit, sed do eiusmod tempor incididunt ut labore et dolore magna aliquaL Viverra nam libero justo laoreet sit amet# Leo duis ut diam quam nulla porttitor massa~ Aliquet nec ullamcorper sit amet risus nullammmmmmmmmmmmmmmmmmmmmmmmmmmmmm eget feliso Aliquet nec ullamcorper sit amet risus nullaaam eget felisJ','9efccbde-c145-484e-aa25-4c57f8131bcc',38,null,'2014-04-04','2018-03-17' ),
( 57,'Lorem ipsuum dolor sit am/Lorem ipsummm dolor sit amet, consectetur adipiscing elit, sed do eiusmod tempor incididunt ut labore et dolore magna aliquat Viverra nam libero justo laoreet sit amet2 Leo duis ut diam quam nulla porttitor massaj Aliquet nec ullamcorper sit amet risus nullammmmmmmmm eget felisv Aliquet nec ullamcorper sit amet risus nullaaaaaam eget felis`','cd8419f3-daec-49b9-9dd7-63119ed506e3',48,'2021-12-11T19:41:23.431Z','2016-01-07','2020-06-15' ),
( 58,'Lorem ipsuum dolor sit am/Lorem ipsummm dolor sit amet, consectetur adipiscing elit, sed do eiusmod tempor incididunt ut labore et dolore magna aliquaS Viverra nam libero justo laoreet sit ametP Leo duis ut diam quam nulla porttitor massa2 Aliquet nec ullamcorper sit amet risus nullammmmmmmmmmmmmmmmmmmmmmmmmmmmmmmmmmmmmmmmmmmmmmmmmmmmmmmmmm eget felis( Aliquet nec ullamcorper sit amet risus nullaaaaam eget felis"','cd8419f3-daec-49b9-9dd7-63119ed506e3',26,null,'2015-12-11','2017-09-12' ),
( 59,'Lorem ipsuuuuum dolor sit am/Lorem ipsum dolor sit amet, consectetur adipiscing elit, sed do eiusmod tempor incididunt ut labore et dolore magna aliquap Viverra nam libero justo laoreet sit ametZ Leo duis ut diam quam nulla porttitor massa{ Aliquet nec ullamcorper sit amet risus nullammmmmmmmmmmmmmmmmmmmmmmmmmmmmmmmmmmmmmmmmmmmmmmmmmmmmmmmmmmmmmmmmmmmm eget felisY Aliquet nec ullamcorper sit amet risus nullaam eget felisa','9efccbde-c145-484e-aa25-4c57f8131bcc',33,null,'2013-08-03','2015-06-01' ),
( 60,'Lorem ipsuuuuuum dolor sit am/Lorem ipsummmmmmmm dolor sit amet, consectetur adipiscing elit, sed do eiusmod tempor incididunt ut labore et dolore magna aliqua^ Viverra nam libero justo laoreet sit amete Leo duis ut diam quam nulla porttitor massa; Aliquet nec ullamcorper sit amet risus nullammmmmmmmmmmmmmmmmmmmmmmmmmmmmmmmmmmmmmmmmmmmmmmmmmmmmmmmmmmmmmm eget felisP Aliquet nec ullamcorper sit amet risus nullaaaaaaaaam eget felisc','9efccbde-c145-484e-aa25-4c57f8131bcc',40,null,'2015-08-26','2020-10-14' ),
( 61,'Lorem ipsuuuuuuuum dolor sit am/Lorem ipsummm dolor sit amet, consectetur adipiscing elit, sed do eiusmod tempor incididunt ut labore et dolore magna aliqua1 Viverra nam libero justo laoreet sit amett Leo duis ut diam quam nulla porttitor massaX Aliquet nec ullamcorper sit amet risus nullammmmmmmmmm eget felis: Aliquet nec ullamcorper sit amet risus nullaam eget felisk','bd31eebb-d3e6-4377-8802-1f3f53eb7cd2',45,null,'2014-10-28','2015-07-26' ),
( 62,'Lorem ipsuuuuuuum dolor sit am/Lorem ipsummmmmmmmmm dolor sit amet, consectetur adipiscing elit, sed do eiusmod tempor incididunt ut labore et dolore magna aliquaL Viverra nam libero justo laoreet sit amet" Leo duis ut diam quam nulla porttitor massaj Aliquet nec ullamcorper sit amet risus nullammmmmmmmmmmmmmmmmmmmmmmmmmmmmmmmmmmmmmmmmmmmmmmmmmmmmmmmmmmmmmmmmmmmmmmmmmmmm eget felisv Aliquet nec ullamcorper sit amet risus nullaam eget felis~','ed3f590a-4e5d-47de-909a-7380cf9daadc',48,'2021-12-11T19:41:23.432Z','2015-05-03','2020-02-11' ),
( 63,'Lorem ipsuuuuuuuum dolor sit am/Lorem ipsum dolor sit amet, consectetur adipiscing elit, sed do eiusmod tempor incididunt ut labore et dolore magna aliqua_ Viverra nam libero justo laoreet sit amet< Leo duis ut diam quam nulla porttitor massaN Aliquet nec ullamcorper sit amet risus nullammmmmmmmmmmmmmmmmmmmmmmmmmmmmmmmmmmmmmmmmmmmmmmmmmmmmmmmmmmmmmmmmmmmmmmmmmmm eget felisw Aliquet nec ullamcorper sit amet risus nullaaaaaaaaam eget felis}','4743d21b-e993-4fa6-a65a-08a6afa00be5',26,null,'2016-05-06','2017-02-13' ),
( 64,'Lorem ipsuuuuuuuum dolor sit am/Lorem ipsummmmmmmm dolor sit amet, consectetur adipiscing elit, sed do eiusmod tempor incididunt ut labore et dolore magna aliqua# Viverra nam libero justo laoreet sit amet4 Leo duis ut diam quam nulla porttitor massaU Aliquet nec ullamcorper sit amet risus nullammmmmmmmmmmmmmmmmmmmmmmmmmmmmmmmmmmmmmmmmmmmmmmmmmmmmmmmmmmmm eget felish Aliquet nec ullamcorper sit amet risus nullaaaaaaam eget felis@','bd31eebb-d3e6-4377-8802-1f3f53eb7cd2',18,null,'2014-05-27','2016-08-22' ),
( 65,'Lorem ipsuuuuuuuum dolor sit am/Lorem ipsummmmmmmm dolor sit amet, consectetur adipiscing elit, sed do eiusmod tempor incididunt ut labore et dolore magna aliquaJ Viverra nam libero justo laoreet sit ametO Leo duis ut diam quam nulla porttitor massaG Aliquet nec ullamcorper sit amet risus nullammmmmmmmmmmmmmmmmmmmmmmmmmmmmmmmmmmmmmmmmmmmmmmmmmmmmmmmmmmmmmmmmmmmmmmmmmmmmmmmmmmmmmmm eget felisW Aliquet nec ullamcorper sit amet risus nullaaaaam eget felis?','ed3f590a-4e5d-47de-909a-7380cf9daadc',47,null,'2016-09-19','2017-02-07' ),
( 66,'Lorem ipsuuuuuuum dolor sit am/Lorem ipsummmmmmmmm dolor sit amet, consectetur adipiscing elit, sed do eiusmod tempor incididunt ut labore et dolore magna aliqua: Viverra nam libero justo laoreet sit amet, Leo duis ut diam quam nulla porttitor massa[ Aliquet nec ullamcorper sit amet risus nullammmmmmmmmmmmmmmmmmmmmmmmmmmmmmmmmmmmmmmmmmmmmmmmmmmmmmmmmmmmmmmmmmmmmmmmmmmmmmmmmmmmmmmmmmmmmmm eget felisZ Aliquet nec ullamcorper sit amet risus nullaaaaaaam eget felisk','ed3f590a-4e5d-47de-909a-7380cf9daadc',39,null,'2015-05-10','2017-03-21' ),
( 67,'Lorem ipsuuuuuum dolor sit am/Lorem ipsum dolor sit amet, consectetur adipiscing elit, sed do eiusmod tempor incididunt ut labore et dolore magna aliqua. Viverra nam libero justo laoreet sit amet= Leo duis ut diam quam nulla porttitor massa: Aliquet nec ullamcorper sit amet risus nullammmmmmmmmmmmmmmmmmmmmmmmmmmmmmmmmmmmmmmmmmmmmmmmmmmmmmmmmmmmmmmmm eget felisU Aliquet nec ullamcorper sit amet risus nullaaam eget felisg','bd31eebb-d3e6-4377-8802-1f3f53eb7cd2',10,null,'2014-08-13','2016-09-14' ),
( 68,'Lorem ipsuum dolor sit am/Lorem ipsummmmmmmmm dolor sit amet, consectetur adipiscing elit, sed do eiusmod tempor incididunt ut labore et dolore magna aliqua6 Viverra nam libero justo laoreet sit ametP Leo duis ut diam quam nulla porttitor massa9 Aliquet nec ullamcorper sit amet risus nullammmmmmmmmmmmmmmmmmmmmmmmmmmmmmm eget felis3 Aliquet nec ullamcorper sit amet risus nullaaaaaam eget felis#','9efccbde-c145-484e-aa25-4c57f8131bcc',41,null,'2013-04-02','2016-07-26' ),
( 69,'Lorem ipsuuuum dolor sit am/Lorem ipsummmmmmm dolor sit amet, consectetur adipiscing elit, sed do eiusmod tempor incididunt ut labore et dolore magna aliquaR Viverra nam libero justo laoreet sit amet" Leo duis ut diam quam nulla porttitor massai Aliquet nec ullamcorper sit amet risus nullammmmmmmmmmmmmmmmmmmmmmmmmmmmmmmmmmmmmmm eget felis4 Aliquet nec ullamcorper sit amet risus nullaam eget felisv','9efccbde-c145-484e-aa25-4c57f8131bcc',46,null,'2014-06-16','2018-04-13' ),
( 70,'Lorem ipsuuuuuuuuum dolor sit am/Lorem ipsummm dolor sit amet, consectetur adipiscing elit, sed do eiusmod tempor incididunt ut labore et dolore magna aliquaZ Viverra nam libero justo laoreet sit ametb Leo duis ut diam quam nulla porttitor massaQ Aliquet nec ullamcorper sit amet risus nullammmmmmmmmmmmmmmmmmmmmmmmmmmmmmmmmmmmmmmmmmmmmmmmmmmmmmmmmmmmmmmmmmmmmmmmmmmmmm eget felisq Aliquet nec ullamcorper sit amet risus nullaaaam eget felis8','ed3f590a-4e5d-47de-909a-7380cf9daadc',19,null,'2014-01-30','2016-08-16' ),
( 71,'Lorem ipsuuuuum dolor sit am/Lorem ipsummm dolor sit amet, consectetur adipiscing elit, sed do eiusmod tempor incididunt ut labore et dolore magna aliquao Viverra nam libero justo laoreet sit amet{ Leo duis ut diam quam nulla porttitor massa4 Aliquet nec ullamcorper sit amet risus nullammmmmmmmmmmmmmmmmmmmmmmmmmmmmmmmmmmmmmmmmmmmmmmmmmmmmmmmmmmmm eget felisb Aliquet nec ullamcorper sit amet risus nullaam eget felisv','bd31eebb-d3e6-4377-8802-1f3f53eb7cd2',26,null,'2015-03-30','2016-04-12' ),
( 72,'Lorem ipsuuuuuuum dolor sit am/Lorem ipsummmmmmmmm dolor sit amet, consectetur adipiscing elit, sed do eiusmod tempor incididunt ut labore et dolore magna aliqua? Viverra nam libero justo laoreet sit ametE Leo duis ut diam quam nulla porttitor massal Aliquet nec ullamcorper sit amet risus nullammmmmmmmmmmmmmmmmmmmmmmmmmmmmmmmmmmmmmmmmmmmmmmmmmmmmmmmmmmmmmm eget felisO Aliquet nec ullamcorper sit amet risus nullaaaaaaaam eget felisS','ed3f590a-4e5d-47de-909a-7380cf9daadc',32,null,'2015-02-02','2017-11-26' ),
( 73,'Lorem ipsuuum dolor sit am/Lorem ipsumm dolor sit amet, consectetur adipiscing elit, sed do eiusmod tempor incididunt ut labore et dolore magna aliquaK Viverra nam libero justo laoreet sit ametO Leo duis ut diam quam nulla porttitor massaG Aliquet nec ullamcorper sit amet risus nullammmmmmmmm eget felisz Aliquet nec ullamcorper sit amet risus nullaaaam eget felis4','9efccbde-c145-484e-aa25-4c57f8131bcc',10,null,'2013-10-17','2018-03-21' ),
( 74,'Lorem ipsuuuuuuuuum dolor sit am/Lorem ipsummmmmmm dolor sit amet, consectetur adipiscing elit, sed do eiusmod tempor incididunt ut labore et dolore magna aliquaA Viverra nam libero justo laoreet sit amet{ Leo duis ut diam quam nulla porttitor massah Aliquet nec ullamcorper sit amet risus nullammmmmmmmmmmmmmmmmmmmmmmmmmmmmmmmmmmmmmmmmmmmmmmmmmmmmmmmmmmmmmmmmmmmmmmmm eget felisP Aliquet nec ullamcorper sit amet risus nullaaaaaaaaaam eget felis9','4743d21b-e993-4fa6-a65a-08a6afa00be5',21,null,'2015-03-17','2019-07-09' ),
( 75,'Lorem ipsuuum dolor sit am/Lorem ipsummmmmmmmm dolor sit amet, consectetur adipiscing elit, sed do eiusmod tempor incididunt ut labore et dolore magna aliqua| Viverra nam libero justo laoreet sit ametq Leo duis ut diam quam nulla porttitor massaS Aliquet nec ullamcorper sit amet risus nullammmmmmmm eget felis; Aliquet nec ullamcorper sit amet risus nullaaaaaaaaam eget felisF','9efccbde-c145-484e-aa25-4c57f8131bcc',16,null,'2016-11-16','2017-10-19' ),
( 76,'Lorem ipsuuuuuuuuum dolor sit am/Lorem ipsummmmmm dolor sit amet, consectetur adipiscing elit, sed do eiusmod tempor incididunt ut labore et dolore magna aliqua@ Viverra nam libero justo laoreet sit ametE Leo duis ut diam quam nulla porttitor massa} Aliquet nec ullamcorper sit amet risus nullammmmmmmmmmmmmmmmmmmmmmmmmmmmmmmmmmmmmmmmmmmmmmm eget felis^ Aliquet nec ullamcorper sit amet risus nullaaam eget felisw','ed3f590a-4e5d-47de-909a-7380cf9daadc',19,null,'2013-10-17','2018-09-12' ),
( 77,'Lorem ipsum dolor sit am/Lorem ipsummmmmmmmmm dolor sit amet, consectetur adipiscing elit, sed do eiusmod tempor incididunt ut labore et dolore magna aliqua/ Viverra nam libero justo laoreet sit amet? Leo duis ut diam quam nulla porttitor massaD Aliquet nec ullamcorper sit amet risus nullammmmmmmmmmmmmmmmmmmmmmmmmmmmmmmmmmmmmmmmmmmmmmmmmmmmmmmmmmmmmmmmmmmmmmmmmmmmmmmmm eget felise Aliquet nec ullamcorper sit amet risus nullaaaam eget felisz','bd31eebb-d3e6-4377-8802-1f3f53eb7cd2',46,null,'2016-03-11','2018-06-01' ),
( 78,'Lorem ipsum dolor sit am/Lorem ipsummm dolor sit amet, consectetur adipiscing elit, sed do eiusmod tempor incididunt ut labore et dolore magna aliqua` Viverra nam libero justo laoreet sit ametW Leo duis ut diam quam nulla porttitor massay Aliquet nec ullamcorper sit amet risus nullammmmmmmmmmmmmmmmmmmmmmmmmmmmmmmmmmmmmmmmmmmmmmmmmmmmmmmmmmmmmmmmmmmmmmmmmmmmmmmmmmmmmmmmmmmmmmmm eget felisM Aliquet nec ullamcorper sit amet risus nullaaaam eget felisw','cd8419f3-daec-49b9-9dd7-63119ed506e3',48,null,'2013-06-15','2018-02-13' ),
( 79,'Lorem ipsum dolor sit am/Lorem ipsummm dolor sit amet, consectetur adipiscing elit, sed do eiusmod tempor incididunt ut labore et dolore magna aliqua4 Viverra nam libero justo laoreet sit ametB Leo duis ut diam quam nulla porttitor massad Aliquet nec ullamcorper sit amet risus nullammmmmmmmmmmmmmmmmmmmmmm eget felisy Aliquet nec ullamcorper sit amet risus nullaaaaam eget felis5','4743d21b-e993-4fa6-a65a-08a6afa00be5',11,'2021-12-11T19:41:23.437Z','2015-06-30','2018-12-04' ),
( 80,'Lorem ipsuuuuuuuuuum dolor sit am/Lorem ipsummmmmmmm dolor sit amet, consectetur adipiscing elit, sed do eiusmod tempor incididunt ut labore et dolore magna aliquae Viverra nam libero justo laoreet sit ametw Leo duis ut diam quam nulla porttitor massas Aliquet nec ullamcorper sit amet risus nullammmmmmmmmmmmmmmmmmmmmmmmmmmmmm eget felis| Aliquet nec ullamcorper sit amet risus nullaaaaaam eget felisu','ed3f590a-4e5d-47de-909a-7380cf9daadc',25,null,'2016-08-07','2016-09-09' ),
( 81,'Lorem ipsuum dolor sit am/Lorem ipsummmm dolor sit amet, consectetur adipiscing elit, sed do eiusmod tempor incididunt ut labore et dolore magna aliquaA Viverra nam libero justo laoreet sit amet@ Leo duis ut diam quam nulla porttitor massa| Aliquet nec ullamcorper sit amet risus nullammmmmmmmmmmmmm eget felisw Aliquet nec ullamcorper sit amet risus nullaaam eget felis^','9efccbde-c145-484e-aa25-4c57f8131bcc',39,null,'2016-05-28','2016-03-27' ),
( 82,'Lorem ipsuuuuuuuum dolor sit am/Lorem ipsummmmmmmm dolor sit amet, consectetur adipiscing elit, sed do eiusmod tempor incididunt ut labore et dolore magna aliqua'' Viverra nam libero justo laoreet sit ametY Leo duis ut diam quam nulla porttitor massa5 Aliquet nec ullamcorper sit amet risus nullammmmmmmmmmmmmmmmmmmmmmmmmmmmmmmmmmmmmmmmmmmmmmmm eget felisK Aliquet nec ullamcorper sit amet risus nullaaaaaaaam eget felis8','9efccbde-c145-484e-aa25-4c57f8131bcc',49,null,'2015-08-29','2018-08-13' ),
( 83,'Lorem ipsuum dolor sit am/Lorem ipsummm dolor sit amet, consectetur adipiscing elit, sed do eiusmod tempor incididunt ut labore et dolore magna aliquaT Viverra nam libero justo laoreet sit ametc Leo duis ut diam quam nulla porttitor massaR Aliquet nec ullamcorper sit amet risus nullammmmmmmmmmmmmmmmmmmmmmmmmmmmmmmmm eget felis? Aliquet nec ullamcorper sit amet risus nullaaaaaaaaaam eget felisL','4743d21b-e993-4fa6-a65a-08a6afa00be5',38,null,'2013-04-23','2016-05-15' ),
( 84,'Lorem ipsuuuum dolor sit am/Lorem ipsummmmmmmmmm dolor sit amet, consectetur adipiscing elit, sed do eiusmod tempor incididunt ut labore et dolore magna aliquav Viverra nam libero justo laoreet sit ametf Leo duis ut diam quam nulla porttitor massa'' Aliquet nec ullamcorper sit amet risus nullammmmmmmmmmmmmmmmmmmmmmmmmmmmmmmmmmmm eget felis: Aliquet nec ullamcorper sit amet risus nullaam eget felisQ','4743d21b-e993-4fa6-a65a-08a6afa00be5',45,null,'2016-07-17','2019-09-25' ),
( 85,'Lorem ipsuuuuum dolor sit am/Lorem ipsummm dolor sit amet, consectetur adipiscing elit, sed do eiusmod tempor incididunt ut labore et dolore magna aliqua5 Viverra nam libero justo laoreet sit amet@ Leo duis ut diam quam nulla porttitor massa^ Aliquet nec ullamcorper sit amet risus nullammmmmmmmmmmmmmmmmmmmmmmmmmmmmmmmmmmmmmmmmmmmmmmmmmmmmmmmmmmmmmmm eget felis% Aliquet nec ullamcorper sit amet risus nullam eget felis_','bd31eebb-d3e6-4377-8802-1f3f53eb7cd2',19,null,'2013-11-12','2016-12-01' ),
( 86,'Lorem ipsuum dolor sit am/Lorem ipsummmmmm dolor sit amet, consectetur adipiscing elit, sed do eiusmod tempor incididunt ut labore et dolore magna aliquaO Viverra nam libero justo laoreet sit ametO Leo duis ut diam quam nulla porttitor massak Aliquet nec ullamcorper sit amet risus nullammmmmmmmmmmmmmmmmmmmmmmmmmmmmmmmmmmmmmmmmmmmmmmmmmmmmmmmmmmmmmmmmmmmmmmmmmmmmmmmmmmmmmmmmmmmm eget felisc Aliquet nec ullamcorper sit amet risus nullaaaaaaaam eget felisN','9efccbde-c145-484e-aa25-4c57f8131bcc',50,null,'2015-05-09','2017-03-08' ),
( 87,'Lorem ipsuuuuuuuuum dolor sit am/Lorem ipsumm dolor sit amet, consectetur adipiscing elit, sed do eiusmod tempor incididunt ut labore et dolore magna aliqua  Viverra nam libero justo laoreet sit amet` Leo duis ut diam quam nulla porttitor massaj Aliquet nec ullamcorper sit amet risus nullammmmmmm eget felis'' Aliquet nec ullamcorper sit amet risus nullaaaam eget felis#','cd8419f3-daec-49b9-9dd7-63119ed506e3',32,null,'2013-11-07','2017-05-14' ),
( 88,'Lorem ipsuuuuuuuum dolor sit am/Lorem ipsummmm dolor sit amet, consectetur adipiscing elit, sed do eiusmod tempor incididunt ut labore et dolore magna aliquad Viverra nam libero justo laoreet sit ametj Leo duis ut diam quam nulla porttitor massab Aliquet nec ullamcorper sit amet risus nullammmmmmmmmmmmmmmmmmmmmmmmmmmmmmmmmmmmmmmmmmmmmmmmmmmmmmmmmmmmmmmmmmmmmmmmmmmmmmmmmmmm eget felis? Aliquet nec ullamcorper sit amet risus nullam eget felis<','4743d21b-e993-4fa6-a65a-08a6afa00be5',33,null,'2015-02-27','2015-02-10' ),
( 89,'Lorem ipsuum dolor sit am/Lorem ipsummmmmmmmmm dolor sit amet, consectetur adipiscing elit, sed do eiusmod tempor incididunt ut labore et dolore magna aliquaI Viverra nam libero justo laoreet sit ametL Leo duis ut diam quam nulla porttitor massao Aliquet nec ullamcorper sit amet risus nullammmmmmmmmmmmmmmmmmmmmmmmmmmmmmmmmmmmmmmmmmmmmmmmmmmmmmmmmm eget felis+ Aliquet nec ullamcorper sit amet risus nullaaaam eget felisk','9efccbde-c145-484e-aa25-4c57f8131bcc',17,'2021-12-11T19:41:23.439Z','2014-03-01','2016-08-17' ),
( 90,'Lorem ipsum dolor sit am/Lorem ipsummm dolor sit amet, consectetur adipiscing elit, sed do eiusmod tempor incididunt ut labore et dolore magna aliqua} Viverra nam libero justo laoreet sit amet] Leo duis ut diam quam nulla porttitor massaC Aliquet nec ullamcorper sit amet risus nullammmmmmmmmmmmmmmmmmmmmmmmmmmmmmmmmmmmmmmmmmmmmmmmmmmmmmmmmmmmmmmmmmmmmmmmmmmmmmmmmm eget felis> Aliquet nec ullamcorper sit amet risus nullaaaaaaaaam eget felis8','bd31eebb-d3e6-4377-8802-1f3f53eb7cd2',49,null,'2013-04-11','2019-11-11' ),
( 91,'Lorem ipsuuum dolor sit am/Lorem ipsummmmmmmmmm dolor sit amet, consectetur adipiscing elit, sed do eiusmod tempor incididunt ut labore et dolore magna aliquai Viverra nam libero justo laoreet sit ametH Leo duis ut diam quam nulla porttitor massat Aliquet nec ullamcorper sit amet risus nullammmmm eget felis) Aliquet nec ullamcorper sit amet risus nullaaaaaaam eget felis9','9efccbde-c145-484e-aa25-4c57f8131bcc',23,null,'2015-01-27','2018-03-26' ),
( 92,'Lorem ipsuuuum dolor sit am/Lorem ipsummmmmmm dolor sit amet, consectetur adipiscing elit, sed do eiusmod tempor incididunt ut labore et dolore magna aliquaL Viverra nam libero justo laoreet sit ameth Leo duis ut diam quam nulla porttitor massaj Aliquet nec ullamcorper sit amet risus nullammmmmmmmmmmmmmmmmmmmmmmmmmmmmmm eget felisZ Aliquet nec ullamcorper sit amet risus nullaaaaaaaam eget felis&','bd31eebb-d3e6-4377-8802-1f3f53eb7cd2',46,null,'2015-01-24','2020-04-08' ),
( 93,'Lorem ipsum dolor sit am/Lorem ipsummm dolor sit amet, consectetur adipiscing elit, sed do eiusmod tempor incididunt ut labore et dolore magna aliqua^ Viverra nam libero justo laoreet sit ametF Leo duis ut diam quam nulla porttitor massa@ Aliquet nec ullamcorper sit amet risus nullammmmmmmmmmmmmmmmmmmmmmmmmmmmmmmmmmmmmmmmmmmmmmmmmmmmmmmmmmmmmmmmmmm eget felis+ Aliquet nec ullamcorper sit amet risus nullaaaaam eget felis9','cd8419f3-daec-49b9-9dd7-63119ed506e3',45,null,'2014-11-03','2019-12-28' ),
( 94,'Lorem ipsuuuuuuuum dolor sit am/Lorem ipsummmmm dolor sit amet, consectetur adipiscing elit, sed do eiusmod tempor incididunt ut labore et dolore magna aliqua< Viverra nam libero justo laoreet sit ametW Leo duis ut diam quam nulla porttitor massaE Aliquet nec ullamcorper sit amet risus nullammmmmmmmmmmmmmmmmmmmmmmmmmmmmmmmmmmmmmmmmmmmmmmmmmmmmmmmmmmmmmmmm eget felisy Aliquet nec ullamcorper sit amet risus nullaaaaaam eget felis"','9efccbde-c145-484e-aa25-4c57f8131bcc',37,null,'2014-03-25','2015-07-29' ),
( 95,'Lorem ipsuuuuum dolor sit am/Lorem ipsummm dolor sit amet, consectetur adipiscing elit, sed do eiusmod tempor incididunt ut labore et dolore magna aliqua& Viverra nam libero justo laoreet sit amett Leo duis ut diam quam nulla porttitor massa] Aliquet nec ullamcorper sit amet risus nullammmmmmmmmmmmmmmm eget felis| Aliquet nec ullamcorper sit amet risus nullaaaaam eget felisU','9efccbde-c145-484e-aa25-4c57f8131bcc',18,'2021-12-11T19:41:23.440Z','2016-06-26','2019-06-26' ),
( 96,'Lorem ipsuuuuuuuum dolor sit am/Lorem ipsummm dolor sit amet, consectetur adipiscing elit, sed do eiusmod tempor incididunt ut labore et dolore magna aliquar Viverra nam libero justo laoreet sit ametx Leo duis ut diam quam nulla porttitor massa1 Aliquet nec ullamcorper sit amet risus nullammmmmmmmmmmmmmmmmmmmmmmmm eget felis? Aliquet nec ullamcorper sit amet risus nullaaaam eget felisZ','4743d21b-e993-4fa6-a65a-08a6afa00be5',16,'2021-12-11T19:41:23.440Z','2015-03-02','2017-01-25' ),
( 97,'Lorem ipsuuuuuuuum dolor sit am/Lorem ipsummmmmm dolor sit amet, consectetur adipiscing elit, sed do eiusmod tempor incididunt ut labore et dolore magna aliqua, Viverra nam libero justo laoreet sit amet# Leo duis ut diam quam nulla porttitor massa1 Aliquet nec ullamcorper sit amet risus nullammmmmmmmmmmmm eget felis< Aliquet nec ullamcorper sit amet risus nullaaam eget felise','9c0b7f94-4ee3-4a2d-a651-bbb2778f91c8',31,null,'2014-10-02','2016-02-14' ),
( 98,'Lorem ipsuuuuuuuuuum dolor sit am/Lorem ipsummm dolor sit amet, consectetur adipiscing elit, sed do eiusmod tempor incididunt ut labore et dolore magna aliquas Viverra nam libero justo laoreet sit ameth Leo duis ut diam quam nulla porttitor massa6 Aliquet nec ullamcorper sit amet risus nullammmmmmmmmmmmmmmmmmmm eget felis'' Aliquet nec ullamcorper sit amet risus nullaaaaaaam eget felis[','cd8419f3-daec-49b9-9dd7-63119ed506e3',36,null,'2016-02-01','2019-09-21' ),
( 99,'Lorem ipsuuuuuuum dolor sit am/Lorem ipsummm dolor sit amet, consectetur adipiscing elit, sed do eiusmod tempor incididunt ut labore et dolore magna aliquaF Viverra nam libero justo laoreet sit ametE Leo duis ut diam quam nulla porttitor massa} Aliquet nec ullamcorper sit amet risus nullammmmmmmmmmmmmmmmmmmmmmmmmmmmmmmmmmmmmmm eget felish Aliquet nec ullamcorper sit amet risus nullaaaaam eget felis#','4743d21b-e993-4fa6-a65a-08a6afa00be5',20,null,'2014-10-08','2020-10-10' ),
( 100,'Lorem ipsuuuuum dolor sit am/Lorem ipsummmmmmmmm dolor sit amet, consectetur adipiscing elit, sed do eiusmod tempor incididunt ut labore et dolore magna aliquau Viverra nam libero justo laoreet sit amety Leo duis ut diam quam nulla porttitor massa& Aliquet nec ullamcorper sit amet risus nullammmmmmmmmmmmmmmmmmmmmmmmmmmmmmmmmmmmmmmmmmmm eget felis/ Aliquet nec ullamcorper sit amet risus nullam eget felisq','bd31eebb-d3e6-4377-8802-1f3f53eb7cd2',25,null,'2016-06-21','2019-05-25' ),
( 101,'Lorem ipsuuuuuuuum dolor sit am/Lorem ipsumm dolor sit amet, consectetur adipiscing elit, sed do eiusmod tempor incididunt ut labore et dolore magna aliquaK Viverra nam libero justo laoreet sit amet6 Leo duis ut diam quam nulla porttitor massa_ Aliquet nec ullamcorper sit amet risus nullammmmmmmmmmmmmmmmmmmmmmmmmmmmmmmmmmmmmmm eget felisU Aliquet nec ullamcorper sit amet risus nullaaaaaaaaaam eget felisu','bd31eebb-d3e6-4377-8802-1f3f53eb7cd2',33,null,'2016-01-18','2019-07-22' ),
( 102,'Lorem ipsuuuuuuum dolor sit am/Lorem ipsummm dolor sit amet, consectetur adipiscing elit, sed do eiusmod tempor incididunt ut labore et dolore magna aliqua) Viverra nam libero justo laoreet sit amet@ Leo duis ut diam quam nulla porttitor massa  Aliquet nec ullamcorper sit amet risus nullamm eget felis[ Aliquet nec ullamcorper sit amet risus nullaaaaaaam eget felise','9efccbde-c145-484e-aa25-4c57f8131bcc',12,null,'2014-12-10','2016-12-15' ),
( 103,'Lorem ipsum dolor sit am/Lorem ipsumm dolor sit amet, consectetur adipiscing elit, sed do eiusmod tempor incididunt ut labore et dolore magna aliquak Viverra nam libero justo laoreet sit ameti Leo duis ut diam quam nulla porttitor massa! Aliquet nec ullamcorper sit amet risus nullammmmmmmmmmmm eget felis- Aliquet nec ullamcorper sit amet risus nullaaaaaam eget felisS','9efccbde-c145-484e-aa25-4c57f8131bcc',29,'2021-12-11T19:41:23.442Z','2015-12-18','2015-02-06' ),
( 104,'Lorem ipsuuum dolor sit am/Lorem ipsummmmm dolor sit amet, consectetur adipiscing elit, sed do eiusmod tempor incididunt ut labore et dolore magna aliquaX Viverra nam libero justo laoreet sit amet7 Leo duis ut diam quam nulla porttitor massah Aliquet nec ullamcorper sit amet risus nullammmmmmmmmmmmmmmmmmmmmmmmmmmmmmmmmmmmmmmmmmmmmmmmmmmmmm eget felisQ Aliquet nec ullamcorper sit amet risus nullaaaaaaaaaam eget felisk','ed3f590a-4e5d-47de-909a-7380cf9daadc',11,null,'2016-07-31','2016-04-26' ),
( 105,'Lorem ipsuuuuuuum dolor sit am/Lorem ipsummmm dolor sit amet, consectetur adipiscing elit, sed do eiusmod tempor incididunt ut labore et dolore magna aliqua# Viverra nam libero justo laoreet sit amet( Leo duis ut diam quam nulla porttitor massaH Aliquet nec ullamcorper sit amet risus nullammmmmmmmmmmmmmmmmmmmmmmmmmmmmmmmmmmmmmmmmmmmmmmmmmmmmmmmmmmmmmmmmmm eget felis_ Aliquet nec ullamcorper sit amet risus nullaaaaaaaam eget felisk','bd31eebb-d3e6-4377-8802-1f3f53eb7cd2',31,null,'2015-05-05','2016-03-24' ),
( 106,'Lorem ipsuuuum dolor sit am/Lorem ipsummmmmmmm dolor sit amet, consectetur adipiscing elit, sed do eiusmod tempor incididunt ut labore et dolore magna aliquaP Viverra nam libero justo laoreet sit ametN Leo duis ut diam quam nulla porttitor massa3 Aliquet nec ullamcorper sit amet risus nullammmmmmmmmmmmmmmmmmmmmmmmmmmmmmmmmmmm eget felisT Aliquet nec ullamcorper sit amet risus nullaaaaaaaaam eget felisb','cd8419f3-daec-49b9-9dd7-63119ed506e3',38,null,'2013-12-18','2019-10-31' ),
( 107,'Lorem ipsuuum dolor sit am/Lorem ipsummmmmmmmm dolor sit amet, consectetur adipiscing elit, sed do eiusmod tempor incididunt ut labore et dolore magna aliqua` Viverra nam libero justo laoreet sit ametE Leo duis ut diam quam nulla porttitor massa! Aliquet nec ullamcorper sit amet risus nullammmmmmmmmmmmmmmmmmmmmmmmmmmmmmmmmmmmmmmm eget felisI Aliquet nec ullamcorper sit amet risus nullaaam eget felis~','ed3f590a-4e5d-47de-909a-7380cf9daadc',18,null,'2016-10-01','2017-08-14' ),
( 108,'Lorem ipsum dolor sit am/Lorem ipsummmmmmm dolor sit amet, consectetur adipiscing elit, sed do eiusmod tempor incididunt ut labore et dolore magna aliquas Viverra nam libero justo laoreet sit amet9 Leo duis ut diam quam nulla porttitor massaX Aliquet nec ullamcorper sit amet risus nullammmmmmmmmmmmmmmmmmmmmmmmmmmmmmmmmmmmmmmmmmmmmmmmmm eget felist Aliquet nec ullamcorper sit amet risus nullaaaaaam eget felis5','9efccbde-c145-484e-aa25-4c57f8131bcc',37,null,'2013-12-02','2017-07-08' ),
( 109,'Lorem ipsuuuuum dolor sit am/Lorem ipsummmm dolor sit amet, consectetur adipiscing elit, sed do eiusmod tempor incididunt ut labore et dolore magna aliquao Viverra nam libero justo laoreet sit amet< Leo duis ut diam quam nulla porttitor massaC Aliquet nec ullamcorper sit amet risus nullammmmmmmmmmmmmmmmmmmmmmmmmmmmmmmm eget felisV Aliquet nec ullamcorper sit amet risus nullaaaaaaaaaam eget felis8','ed3f590a-4e5d-47de-909a-7380cf9daadc',20,null,'2016-02-19','2020-08-06' ),
( 110,'Lorem ipsuuuuuuuuum dolor sit am/Lorem ipsummmmmmmm dolor sit amet, consectetur adipiscing elit, sed do eiusmod tempor incididunt ut labore et dolore magna aliqua4 Viverra nam libero justo laoreet sit ametU Leo duis ut diam quam nulla porttitor massaj Aliquet nec ullamcorper sit amet risus nullammmmmmmmmmmmmmmmmmmm eget felisc Aliquet nec ullamcorper sit amet risus nullaaaaaaam eget felisn','4743d21b-e993-4fa6-a65a-08a6afa00be5',13,null,'2016-06-13','2018-03-02' ),
( 111,'Lorem ipsum dolor sit am/Lorem ipsummm dolor sit amet, consectetur adipiscing elit, sed do eiusmod tempor incididunt ut labore et dolore magna aliqua{ Viverra nam libero justo laoreet sit ametf Leo duis ut diam quam nulla porttitor massan Aliquet nec ullamcorper sit amet risus nullammm eget felis  Aliquet nec ullamcorper sit amet risus nullaaaaaaam eget felisC','9c0b7f94-4ee3-4a2d-a651-bbb2778f91c8',23,null,'2015-04-12','2019-03-15' ),
( 112,'Lorem ipsuuuuuuuum dolor sit am/Lorem ipsummmmmmm dolor sit amet, consectetur adipiscing elit, sed do eiusmod tempor incididunt ut labore et dolore magna aliqua= Viverra nam libero justo laoreet sit amet1 Leo duis ut diam quam nulla porttitor massax Aliquet nec ullamcorper sit amet risus nullammmmmmmmmmmmmmmmmmmmmmmmmmmmmmmmmmmmmmmmmmmmmmmmmmmmmmmmmmmmmmm eget felis8 Aliquet nec ullamcorper sit amet risus nullaaaaaam eget felisv','bd31eebb-d3e6-4377-8802-1f3f53eb7cd2',10,null,'2014-03-06','2016-03-18' ),
( 113,'Lorem ipsuuuuum dolor sit am/Lorem ipsummmm dolor sit amet, consectetur adipiscing elit, sed do eiusmod tempor incididunt ut labore et dolore magna aliquaC Viverra nam libero justo laoreet sit amet Leo duis ut diam quam nulla porttitor massa* Aliquet nec ullamcorper sit amet risus nullammmmmmmmmmmmmmmmmmmmmmmmmmmmmmmmmmmmmmmmmmmmmmmmmmmmmmmmmmmmmmmm eget felis* Aliquet nec ullamcorper sit amet risus nullaaaaaaaam eget felisG','ed3f590a-4e5d-47de-909a-7380cf9daadc',43,null,'2015-10-22','2015-05-24' ),
( 114,'Lorem ipsuuuuuum dolor sit am/Lorem ipsummmmmmm dolor sit amet, consectetur adipiscing elit, sed do eiusmod tempor incididunt ut labore et dolore magna aliquap Viverra nam libero justo laoreet sit ametG Leo duis ut diam quam nulla porttitor massaG Aliquet nec ullamcorper sit amet risus nullammmmmmmmmmmmmmmmmmmmmmmmmmmmmmmmmmmmmmmmmm eget felisA Aliquet nec ullamcorper sit amet risus nullaaaaaaaaaam eget felisn','9c0b7f94-4ee3-4a2d-a651-bbb2778f91c8',39,null,'2015-10-05','2015-02-14' ),
( 115,'Lorem ipsuuuuuum dolor sit am/Lorem ipsummmmmmmmmm dolor sit amet, consectetur adipiscing elit, sed do eiusmod tempor incididunt ut labore et dolore magna aliquai Viverra nam libero justo laoreet sit ametF Leo duis ut diam quam nulla porttitor massa5 Aliquet nec ullamcorper sit amet risus nullammmmmmmmmmmmmmmmmmmmmmmmmmmmmmmmmmmmmmmmmmmmmmmmmmmmmmmmmmmmmmmmmmmmmmmm eget felis< Aliquet nec ullamcorper sit amet risus nullaaaaaaaam eget felis''','9efccbde-c145-484e-aa25-4c57f8131bcc',19,null,'2016-11-30','2016-02-29' ),
( 116,'Lorem ipsuuuum dolor sit am/Lorem ipsummmmmm dolor sit amet, consectetur adipiscing elit, sed do eiusmod tempor incididunt ut labore et dolore magna aliqua7 Viverra nam libero justo laoreet sit ametz Leo duis ut diam quam nulla porttitor massa0 Aliquet nec ullamcorper sit amet risus nullammmmmmmmmmmmmmmmmmmmmmmmmmmm eget feliss Aliquet nec ullamcorper sit amet risus nullaam eget felisD','9c0b7f94-4ee3-4a2d-a651-bbb2778f91c8',36,null,'2014-08-03','2020-02-14' ),
( 117,'Lorem ipsum dolor sit am/Lorem ipsumm dolor sit amet, consectetur adipiscing elit, sed do eiusmod tempor incididunt ut labore et dolore magna aliquaP Viverra nam libero justo laoreet sit amet; Leo duis ut diam quam nulla porttitor massa5 Aliquet nec ullamcorper sit amet risus nullammmmmmmmmmmmmmmmmmmmmmmmmmmmmmmmmmmmmmmmmmmmmmmmmmmmmmmmmmmmmmmmmmmmmmmmmmmmmmmmmmmmmmmmmmmmm eget felis* Aliquet nec ullamcorper sit amet risus nullaaaaaaam eget felisC','bd31eebb-d3e6-4377-8802-1f3f53eb7cd2',47,null,'2016-06-04','2016-09-02' ),
( 118,'Lorem ipsuuuuuuuuum dolor sit am/Lorem ipsummmmmmmm dolor sit amet, consectetur adipiscing elit, sed do eiusmod tempor incididunt ut labore et dolore magna aliqua" Viverra nam libero justo laoreet sit amet Leo duis ut diam quam nulla porttitor massav Aliquet nec ullamcorper sit amet risus nullammmmmmmmmmmmmmmmmmmmmmmmmmmmmmmmmmmmmmmmmmmmmmmmmmmmmmmmmmmmmmmmmmmmmmmmmmmmmmmmmmmmmmmmmmmmm eget felisM Aliquet nec ullamcorper sit amet risus nullaaaaaaaaam eget felis,','ed3f590a-4e5d-47de-909a-7380cf9daadc',35,null,'2014-05-21','2016-01-04' ),
( 119,'Lorem ipsum dolor sit am/Lorem ipsummm dolor sit amet, consectetur adipiscing elit, sed do eiusmod tempor incididunt ut labore et dolore magna aliqua@ Viverra nam libero justo laoreet sit ametx Leo duis ut diam quam nulla porttitor massaQ Aliquet nec ullamcorper sit amet risus nullammmmmmmmmmmmmmmmmmmmmmmmmmmmmmmmmmmmmmmmmmmmm eget felisZ Aliquet nec ullamcorper sit amet risus nullaaam eget felis5','9c0b7f94-4ee3-4a2d-a651-bbb2778f91c8',47,null,'2015-06-12','2020-04-12' ),
( 120,'Lorem ipsuuuuuuuuuum dolor sit am/Lorem ipsummmmmmmmmm dolor sit amet, consectetur adipiscing elit, sed do eiusmod tempor incididunt ut labore et dolore magna aliquaL Viverra nam libero justo laoreet sit amet< Leo duis ut diam quam nulla porttitor massal Aliquet nec ullamcorper sit amet risus nullammmmmmmmmmmmmmmmmmmmmmmmmmmmmmmmmmmmmmmmmmmmmmmmmmmmmmmmmmmmmmmmmmmm eget feliss Aliquet nec ullamcorper sit amet risus nullaam eget felisb','bd31eebb-d3e6-4377-8802-1f3f53eb7cd2',23,null,'2014-05-22','2020-02-28' ),
( 121,'Lorem ipsuuuuuuum dolor sit am/Lorem ipsummmmmmmmmm dolor sit amet, consectetur adipiscing elit, sed do eiusmod tempor incididunt ut labore et dolore magna aliquaJ Viverra nam libero justo laoreet sit ametY Leo duis ut diam quam nulla porttitor massaF Aliquet nec ullamcorper sit amet risus nullammmmmmmmmmmmmmmmmmmmmmmmmmmmmmmmmmmmmmmmmm eget felisO Aliquet nec ullamcorper sit amet risus nullaaam eget felis6','ed3f590a-4e5d-47de-909a-7380cf9daadc',43,'2021-12-11T19:41:23.443Z','2015-02-26','2017-10-19' ),
( 122,'Lorem ipsuum dolor sit am/Lorem ipsummmmm dolor sit amet, consectetur adipiscing elit, sed do eiusmod tempor incididunt ut labore et dolore magna aliquai Viverra nam libero justo laoreet sit ameti Leo duis ut diam quam nulla porttitor massaq Aliquet nec ullamcorper sit amet risus nullammmmmmmmmmmmmmmmmmmmmmmmm eget felisg Aliquet nec ullamcorper sit amet risus nullaaaaaam eget felis"','ed3f590a-4e5d-47de-909a-7380cf9daadc',32,null,'2015-06-01','2020-11-18' ),
( 123,'Lorem ipsuum dolor sit am/Lorem ipsummm dolor sit amet, consectetur adipiscing elit, sed do eiusmod tempor incididunt ut labore et dolore magna aliquaK Viverra nam libero justo laoreet sit amety Leo duis ut diam quam nulla porttitor massaC Aliquet nec ullamcorper sit amet risus nullammmmmmmmmmmmmmmmmmmmmmmmmmmmmmmmmmmmmmmmmmmmmmmmmmmmmmmmmmmmmmmmmmmmmmmmmmmmmmmmmmmmmmmmmmmmmmmmmmmm eget felis2 Aliquet nec ullamcorper sit amet risus nullaaaaaaaaaam eget felisU','9c0b7f94-4ee3-4a2d-a651-bbb2778f91c8',11,null,'2015-11-29','2016-09-17' ),
( 124,'Lorem ipsuuuuum dolor sit am/Lorem ipsummmmmmmm dolor sit amet, consectetur adipiscing elit, sed do eiusmod tempor incididunt ut labore et dolore magna aliquaZ Viverra nam libero justo laoreet sit amet6 Leo duis ut diam quam nulla porttitor massaE Aliquet nec ullamcorper sit amet risus nullammmmmmmmmmmmmmmmmmmmmmmmmmmmmmmmmmmmmmmmmmmmmmmmmmmmmmmmmmmmmmmmmmmmmmmmmmm eget felisd Aliquet nec ullamcorper sit amet risus nullaaaaaaaam eget felis_','bd31eebb-d3e6-4377-8802-1f3f53eb7cd2',21,null,'2013-09-18','2015-07-04' ),
( 125,'Lorem ipsuuum dolor sit am/Lorem ipsummm dolor sit amet, consectetur adipiscing elit, sed do eiusmod tempor incididunt ut labore et dolore magna aliquaU Viverra nam libero justo laoreet sit ametM Leo duis ut diam quam nulla porttitor massa( Aliquet nec ullamcorper sit amet risus nullammmmmmmmmmmmmmmmmmmmmmmmmmmmmmmmmmmmmmmmmmmmmmmmmmmmmmmmmmmmmmmmmmmmmmmmmmmmmmmmmmmmmmmmmmmmmmmmm eget felis% Aliquet nec ullamcorper sit amet risus nullaam eget felisZ','ed3f590a-4e5d-47de-909a-7380cf9daadc',24,'2021-12-11T19:41:23.444Z','2014-05-09','2018-11-04' ),
( 126,'Lorem ipsuuuuuum dolor sit am/Lorem ipsummm dolor sit amet, consectetur adipiscing elit, sed do eiusmod tempor incididunt ut labore et dolore magna aliqua. Viverra nam libero justo laoreet sit amet# Leo duis ut diam quam nulla porttitor massa% Aliquet nec ullamcorper sit amet risus nullammmmmmmmmmmmmmmmmmmmmmmmmmmmmmmmmmmmmmmmmmmmmmmmmmmmmmmmmmmm eget felisT Aliquet nec ullamcorper sit amet risus nullaaaaaaaaam eget felis1','cd8419f3-daec-49b9-9dd7-63119ed506e3',28,null,'2016-10-22','2018-07-24' ),
( 127,'Lorem ipsuuuuuuuuum dolor sit am/Lorem ipsum dolor sit amet, consectetur adipiscing elit, sed do eiusmod tempor incididunt ut labore et dolore magna aliqua, Viverra nam libero justo laoreet sit amet2 Leo duis ut diam quam nulla porttitor massaz Aliquet nec ullamcorper sit amet risus nullammmmmmmmmmmmmmmmmmmmmmmmmmmm eget felisF Aliquet nec ullamcorper sit amet risus nullaaaam eget felis7','ed3f590a-4e5d-47de-909a-7380cf9daadc',12,null,'2016-07-12','2018-02-04' ),
( 128,'Lorem ipsuuuuuuuum dolor sit am/Lorem ipsummmmmmm dolor sit amet, consectetur adipiscing elit, sed do eiusmod tempor incididunt ut labore et dolore magna aliquaX Viverra nam libero justo laoreet sit ametQ Leo duis ut diam quam nulla porttitor massal Aliquet nec ullamcorper sit amet risus nullammmmmmmmmmmmmmmmmmmmmmmmmmmmmmmmmmmmmmmmmmmmmmmmmmmmmmmmmmmmmmmmmmmmmmmmmmmm eget felis3 Aliquet nec ullamcorper sit amet risus nullaaaaaaam eget felisB','4743d21b-e993-4fa6-a65a-08a6afa00be5',24,null,'2016-07-01','2019-04-20' ),
( 129,'Lorem ipsuuuuuuum dolor sit am/Lorem ipsummmmmmmm dolor sit amet, consectetur adipiscing elit, sed do eiusmod tempor incididunt ut labore et dolore magna aliquaT Viverra nam libero justo laoreet sit ametT Leo duis ut diam quam nulla porttitor massa~ Aliquet nec ullamcorper sit amet risus nullammmmmmmmm eget felis3 Aliquet nec ullamcorper sit amet risus nullaaaaaaaam eget felis8','bd31eebb-d3e6-4377-8802-1f3f53eb7cd2',41,null,'2016-01-22','2015-06-08' ),
( 130,'Lorem ipsum dolor sit am/Lorem ipsummmmm dolor sit amet, consectetur adipiscing elit, sed do eiusmod tempor incididunt ut labore et dolore magna aliquaW Viverra nam libero justo laoreet sit amet[ Leo duis ut diam quam nulla porttitor massa& Aliquet nec ullamcorper sit amet risus nullammmmmmmmmmmmmmmmmmmmmmmmmmmmmmmmmmmmmmmmmmmmmmmmmmmmmmmmmmmmmmmmmmmmmmmmmmmmmmmmmmmmmmm eget felis{ Aliquet nec ullamcorper sit amet risus nullaaaaam eget felis6','9efccbde-c145-484e-aa25-4c57f8131bcc',35,null,'2013-10-23','2018-10-01' ),
( 131,'Lorem ipsuuuuuum dolor sit am/Lorem ipsumm dolor sit amet, consectetur adipiscing elit, sed do eiusmod tempor incididunt ut labore et dolore magna aliqua+ Viverra nam libero justo laoreet sit amet) Leo duis ut diam quam nulla porttitor massa` Aliquet nec ullamcorper sit amet risus nullammmmmmmmmmmmmmmmmmmmmmmmmmmmmmmmmmmmmmmmmmmmmmmmmmmmmmmmmmmmmmmmmmmmmmmmmmmmmmmmmmmmm eget felis| Aliquet nec ullamcorper sit amet risus nullaaaaaaaaaam eget felisd','4743d21b-e993-4fa6-a65a-08a6afa00be5',29,null,'2016-03-06','2019-12-09' ),
( 132,'Lorem ipsuuuuum dolor sit am/Lorem ipsummmm dolor sit amet, consectetur adipiscing elit, sed do eiusmod tempor incididunt ut labore et dolore magna aliquak Viverra nam libero justo laoreet sit ametn Leo duis ut diam quam nulla porttitor massag Aliquet nec ullamcorper sit amet risus nullammmmmmmmmmmmmmmmmmmmmmmmmmmmmmmmmmmmmmmmmmmmmmmmmmmmmmmmmmmmmmmmmmmmmmmmm eget felis: Aliquet nec ullamcorper sit amet risus nullaaaaam eget felis:','9efccbde-c145-484e-aa25-4c57f8131bcc',24,null,'2016-09-01','2019-01-20' ),
( 133,'Lorem ipsuuuuum dolor sit am/Lorem ipsummmmmmmm dolor sit amet, consectetur adipiscing elit, sed do eiusmod tempor incididunt ut labore et dolore magna aliqua3 Viverra nam libero justo laoreet sit ametL Leo duis ut diam quam nulla porttitor massa$ Aliquet nec ullamcorper sit amet risus nullammmmmmmmmmmmmmmmmmmmmmmmmmmmmmmmmmmmmmmmmmmmmmmmmmmmm eget felis] Aliquet nec ullamcorper sit amet risus nullaaaaaaam eget felis1','9c0b7f94-4ee3-4a2d-a651-bbb2778f91c8',41,null,'2014-11-01','2016-01-19' ),
( 134,'Lorem ipsuuuuum dolor sit am/Lorem ipsumm dolor sit amet, consectetur adipiscing elit, sed do eiusmod tempor incididunt ut labore et dolore magna aliqua$ Viverra nam libero justo laoreet sit ameta Leo duis ut diam quam nulla porttitor massat Aliquet nec ullamcorper sit amet risus nullammmmmmmmmmmmmmmmmmmmmmmmmmmmmmmmmmmmmmmmmm eget felis^ Aliquet nec ullamcorper sit amet risus nullaaaaam eget felis8','bd31eebb-d3e6-4377-8802-1f3f53eb7cd2',13,'2021-12-11T19:41:23.446Z','2016-04-22','2019-05-15' ),
( 135,'Lorem ipsuum dolor sit am/Lorem ipsummmm dolor sit amet, consectetur adipiscing elit, sed do eiusmod tempor incididunt ut labore et dolore magna aliqua8 Viverra nam libero justo laoreet sit ametw Leo duis ut diam quam nulla porttitor massaM Aliquet nec ullamcorper sit amet risus nullammmmmmmmmmmmmmmmmmmmmmmmmmmmmmmmmmmmmmmmmmmmmmmmmmmmmmmmmmmmmmmmmmmmmmmmmmmmm eget felisr Aliquet nec ullamcorper sit amet risus nullaaaaaaaaaam eget felisb','cd8419f3-daec-49b9-9dd7-63119ed506e3',46,null,'2016-09-02','2016-11-09' ),
( 136,'Lorem ipsuuuuuuuuum dolor sit am/Lorem ipsummmmmmmmm dolor sit amet, consectetur adipiscing elit, sed do eiusmod tempor incididunt ut labore et dolore magna aliqua$ Viverra nam libero justo laoreet sit ametW Leo duis ut diam quam nulla porttitor massaL Aliquet nec ullamcorper sit amet risus nullammmmmmmm eget felisE Aliquet nec ullamcorper sit amet risus nullaaaaaaaaam eget felisk','9efccbde-c145-484e-aa25-4c57f8131bcc',46,null,'2016-02-18','2019-08-28' ),
( 137,'Lorem ipsuuuuuuuuuum dolor sit am/Lorem ipsumm dolor sit amet, consectetur adipiscing elit, sed do eiusmod tempor incididunt ut labore et dolore magna aliquay Viverra nam libero justo laoreet sit amet( Leo duis ut diam quam nulla porttitor massa^ Aliquet nec ullamcorper sit amet risus nullammmmmmmmmmmmmmmmmmmmmmmmmmmmmmmmmmmmmmmmmmmmmmmmmmmmmmmmmmmmmmmmmmmmmmmmmmmmmmmmmmmmmmmmmmmmmmmmmmm eget felisB Aliquet nec ullamcorper sit amet risus nullaaaaaaam eget felis ','4743d21b-e993-4fa6-a65a-08a6afa00be5',16,null,'2013-07-06','2019-02-11' ),
( 138,'Lorem ipsuuuum dolor sit am/Lorem ipsummmmmm dolor sit amet, consectetur adipiscing elit, sed do eiusmod tempor incididunt ut labore et dolore magna aliqua9 Viverra nam libero justo laoreet sit ameta Leo duis ut diam quam nulla porttitor massal Aliquet nec ullamcorper sit amet risus nullammmmmmmmmmmmmmmmmmmmmmmmmmmmmmmmmmmmmmmmmmmmmmmmmmmmmmmmmmmmmmmmmmmmmmmmmmm eget felisC Aliquet nec ullamcorper sit amet risus nullaaaam eget feliso','ed3f590a-4e5d-47de-909a-7380cf9daadc',23,null,'2015-02-20','2018-01-21' ),
( 139,'Lorem ipsuuum dolor sit am/Lorem ipsummmm dolor sit amet, consectetur adipiscing elit, sed do eiusmod tempor incididunt ut labore et dolore magna aliqua8 Viverra nam libero justo laoreet sit ametQ Leo duis ut diam quam nulla porttitor massa'' Aliquet nec ullamcorper sit amet risus nullammmmmmmmmmmmmmmmmmmmmmmmmmmmmmmmmmmmmmmmmmmmmm eget felis; Aliquet nec ullamcorper sit amet risus nullaam eget felis4','9c0b7f94-4ee3-4a2d-a651-bbb2778f91c8',43,null,'2013-08-04','2019-03-01' ),
( 140,'Lorem ipsuuuuum dolor sit am/Lorem ipsummmmmmm dolor sit amet, consectetur adipiscing elit, sed do eiusmod tempor incididunt ut labore et dolore magna aliqua& Viverra nam libero justo laoreet sit ametz Leo duis ut diam quam nulla porttitor massa9 Aliquet nec ullamcorper sit amet risus nullammmmmmmmmmmmmmmmmmmmmmmmmmmmmmmmmmmmmmm eget felis| Aliquet nec ullamcorper sit amet risus nullaaaaaaaam eget felisO','9efccbde-c145-484e-aa25-4c57f8131bcc',18,'2021-12-11T19:41:23.446Z','2014-05-15','2015-05-05' ),
( 141,'Lorem ipsuuuuuuuuuum dolor sit am/Lorem ipsummmm dolor sit amet, consectetur adipiscing elit, sed do eiusmod tempor incididunt ut labore et dolore magna aliqua- Viverra nam libero justo laoreet sit ametM Leo duis ut diam quam nulla porttitor massa< Aliquet nec ullamcorper sit amet risus nullammmmmmmmmmmmmmmmm eget felis, Aliquet nec ullamcorper sit amet risus nullaaaam eget felis2','bd31eebb-d3e6-4377-8802-1f3f53eb7cd2',14,null,'2014-01-17','2016-02-15' ),
( 142,'Lorem ipsuuuuuum dolor sit am/Lorem ipsummmmmm dolor sit amet, consectetur adipiscing elit, sed do eiusmod tempor incididunt ut labore et dolore magna aliquaC Viverra nam libero justo laoreet sit ametu Leo duis ut diam quam nulla porttitor massaN Aliquet nec ullamcorper sit amet risus nullammmmmmmmmmmmmmmmmmmmmmmmmm eget felisq Aliquet nec ullamcorper sit amet risus nullaaaaaaam eget felisB','bd31eebb-d3e6-4377-8802-1f3f53eb7cd2',14,null,'2014-03-15','2020-12-13' ),
( 143,'Lorem ipsuuuuuuuuuum dolor sit am/Lorem ipsummmm dolor sit amet, consectetur adipiscing elit, sed do eiusmod tempor incididunt ut labore et dolore magna aliqua= Viverra nam libero justo laoreet sit amet[ Leo duis ut diam quam nulla porttitor massaf Aliquet nec ullamcorper sit amet risus nullammmmmmmmmmmmmmmmmmmmmmmmmmmmmmmmmm eget felis} Aliquet nec ullamcorper sit amet risus nullaaaaaaam eget felisr','cd8419f3-daec-49b9-9dd7-63119ed506e3',37,null,'2016-03-28','2019-11-16' ),
( 144,'Lorem ipsuuuuuuuuuum dolor sit am/Lorem ipsummmmm dolor sit amet, consectetur adipiscing elit, sed do eiusmod tempor incididunt ut labore et dolore magna aliquaG Viverra nam libero justo laoreet sit amets Leo duis ut diam quam nulla porttitor massad Aliquet nec ullamcorper sit amet risus nullammmmmmmmmmmmmmmmmm eget felisy Aliquet nec ullamcorper sit amet risus nullaam eget felis#','4743d21b-e993-4fa6-a65a-08a6afa00be5',45,null,'2015-10-24','2016-10-07' ),
( 145,'Lorem ipsuum dolor sit am/Lorem ipsummm dolor sit amet, consectetur adipiscing elit, sed do eiusmod tempor incididunt ut labore et dolore magna aliquat Viverra nam libero justo laoreet sit ametV Leo duis ut diam quam nulla porttitor massa; Aliquet nec ullamcorper sit amet risus nullammmmmmmmmmmmmmmmmmmmmmmmmmmmmmmmmmmmmmmmmmmmmmmmmmmmmmmmm eget felisj Aliquet nec ullamcorper sit amet risus nullam eget felisS','4743d21b-e993-4fa6-a65a-08a6afa00be5',49,null,'2014-08-13','2016-01-16' ),
( 146,'Lorem ipsuuuuum dolor sit am/Lorem ipsummmmmmmm dolor sit amet, consectetur adipiscing elit, sed do eiusmod tempor incididunt ut labore et dolore magna aliqua^ Viverra nam libero justo laoreet sit amet& Leo duis ut diam quam nulla porttitor massa7 Aliquet nec ullamcorper sit amet risus nullammmmmmmmmmmmmmmmmm eget felis'' Aliquet nec ullamcorper sit amet risus nullaaaaaaam eget felis/','cd8419f3-daec-49b9-9dd7-63119ed506e3',14,null,'2016-04-24','2016-09-08' ),
( 147,'Lorem ipsuuuuuuuum dolor sit am/Lorem ipsummmmmmmm dolor sit amet, consectetur adipiscing elit, sed do eiusmod tempor incididunt ut labore et dolore magna aliqua@ Viverra nam libero justo laoreet sit amets Leo duis ut diam quam nulla porttitor massaC Aliquet nec ullamcorper sit amet risus nullammmmmmmmmmmmmmmmmmmmmmmmmmmmmmmmmmmmmmmmmmmmmmmmmmmmmmmmmmmmmmmmmmmmmmmmmmmmmmmmmmmmmm eget felisv Aliquet nec ullamcorper sit amet risus nullam eget felis','9c0b7f94-4ee3-4a2d-a651-bbb2778f91c8',22,null,'2016-01-21','2020-05-19' ),
( 148,'Lorem ipsuuuuuuum dolor sit am/Lorem ipsumm dolor sit amet, consectetur adipiscing elit, sed do eiusmod tempor incididunt ut labore et dolore magna aliqua: Viverra nam libero justo laoreet sit amet) Leo duis ut diam quam nulla porttitor massaI Aliquet nec ullamcorper sit amet risus nullammmmmmmmmmmmmmmmmmmmmmmmmmmmmmmmmmmmmmmmmmmmmmmmmmmmmmmmmmmmmmmmm eget felis@ Aliquet nec ullamcorper sit amet risus nullaaaaaaaaam eget felis"','bd31eebb-d3e6-4377-8802-1f3f53eb7cd2',30,null,'2013-12-30','2015-10-19' ),
( 149,'Lorem ipsum dolor sit am/Lorem ipsummmmmm dolor sit amet, consectetur adipiscing elit, sed do eiusmod tempor incididunt ut labore et dolore magna aliqua; Viverra nam libero justo laoreet sit amet6 Leo duis ut diam quam nulla porttitor massa( Aliquet nec ullamcorper sit amet risus nullammmmmmmmmmmmmmmmmmmmmmmmmmmmmmmmmmmmmmmmmmmmmmmmmmmmmmmmmmmmmmmmmmmmmmmmmmmmmmmmmmmmm eget felis8 Aliquet nec ullamcorper sit amet risus nullaam eget felis1','ed3f590a-4e5d-47de-909a-7380cf9daadc',32,null,'2015-02-25','2018-06-24' ),
( 150,'Lorem ipsuuuum dolor sit am/Lorem ipsummmmmmmm dolor sit amet, consectetur adipiscing elit, sed do eiusmod tempor incididunt ut labore et dolore magna aliquaz Viverra nam libero justo laoreet sit amet= Leo duis ut diam quam nulla porttitor massa+ Aliquet nec ullamcorper sit amet risus nullammmmmmmmmmmmmmmmmmmmmmmmmmmmmmmmmmmmmmmmmmmmmmmmmmm eget felis` Aliquet nec ullamcorper sit amet risus nullaaaaam eget felis7','9c0b7f94-4ee3-4a2d-a651-bbb2778f91c8',38,null,'2015-01-04','2019-06-28' ),
( 151,'Lorem ipsuuuum dolor sit am/Lorem ipsummmmmmm dolor sit amet, consectetur adipiscing elit, sed do eiusmod tempor incididunt ut labore et dolore magna aliqua+ Viverra nam libero justo laoreet sit ametW Leo duis ut diam quam nulla porttitor massaG Aliquet nec ullamcorper sit amet risus nullammmmmmmmmmmmmmmmmmmmmmmmmmmmmmmmmmmmmmmmmmmm eget felisM Aliquet nec ullamcorper sit amet risus nullaaaaaaaaaam eget felisB','cd8419f3-daec-49b9-9dd7-63119ed506e3',41,null,'2014-11-18','2015-02-17' ),
( 152,'Lorem ipsuuuuuuuuuum dolor sit am/Lorem ipsummmmmmm dolor sit amet, consectetur adipiscing elit, sed do eiusmod tempor incididunt ut labore et dolore magna aliquao Viverra nam libero justo laoreet sit amet* Leo duis ut diam quam nulla porttitor massaZ Aliquet nec ullamcorper sit amet risus nullammmmmmmmmmmmmmmmmmmmmmmmmmmmmmmmmmm eget felisb Aliquet nec ullamcorper sit amet risus nullaaaaaaam eget felisP','4743d21b-e993-4fa6-a65a-08a6afa00be5',23,null,'2016-06-28','2019-12-11' ),
( 153,'Lorem ipsuum dolor sit am/Lorem ipsummmm dolor sit amet, consectetur adipiscing elit, sed do eiusmod tempor incididunt ut labore et dolore magna aliqual Viverra nam libero justo laoreet sit amet1 Leo duis ut diam quam nulla porttitor massa, Aliquet nec ullamcorper sit amet risus nullammmmmmmmmmmmmmmm eget felis[ Aliquet nec ullamcorper sit amet risus nullaaam eget felisq','ed3f590a-4e5d-47de-909a-7380cf9daadc',43,null,'2014-11-20','2015-05-18' ),
( 154,'Lorem ipsuuuuuuuum dolor sit am/Lorem ipsummmm dolor sit amet, consectetur adipiscing elit, sed do eiusmod tempor incididunt ut labore et dolore magna aliquas Viverra nam libero justo laoreet sit amet" Leo duis ut diam quam nulla porttitor massat Aliquet nec ullamcorper sit amet risus nullammmmm eget felis$ Aliquet nec ullamcorper sit amet risus nullaaaaaaaaam eget felis<','cd8419f3-daec-49b9-9dd7-63119ed506e3',40,null,'2013-03-09','2016-08-12' ),
( 155,'Lorem ipsuuuuuuuuuum dolor sit am/Lorem ipsummmmmmm dolor sit amet, consectetur adipiscing elit, sed do eiusmod tempor incididunt ut labore et dolore magna aliquad Viverra nam libero justo laoreet sit amet Leo duis ut diam quam nulla porttitor massa  Aliquet nec ullamcorper sit amet risus nullammmmmmmmmmmmmmmmmmmmmmmmmmm eget felisF Aliquet nec ullamcorper sit amet risus nullaaaaaam eget felisp','4743d21b-e993-4fa6-a65a-08a6afa00be5',46,null,'2014-02-16','2019-09-07' ),
( 156,'Lorem ipsuuuuuuuuuum dolor sit am/Lorem ipsummmmm dolor sit amet, consectetur adipiscing elit, sed do eiusmod tempor incididunt ut labore et dolore magna aliquaF Viverra nam libero justo laoreet sit amet@ Leo duis ut diam quam nulla porttitor massaj Aliquet nec ullamcorper sit amet risus nullammmmmmmmmmmmmmmmmmmmmmmmmmmmmmmmmmmmmmmmmmmmmmmmmmmmmmmmmmmmmmmmmmmmmmmmmmmmmmmmmmmmm eget felisG Aliquet nec ullamcorper sit amet risus nullaaaaaaaaaam eget felisK','9efccbde-c145-484e-aa25-4c57f8131bcc',47,null,'2015-01-12','2015-06-04' ),
( 157,'Lorem ipsuuuuuum dolor sit am/Lorem ipsumm dolor sit amet, consectetur adipiscing elit, sed do eiusmod tempor incididunt ut labore et dolore magna aliqua= Viverra nam libero justo laoreet sit ametu Leo duis ut diam quam nulla porttitor massaA Aliquet nec ullamcorper sit amet risus nullammmmmmmmmmmmmmmm eget felisp Aliquet nec ullamcorper sit amet risus nullaaaaaaam eget felisw','bd31eebb-d3e6-4377-8802-1f3f53eb7cd2',17,null,'2015-03-16','2015-10-01' ),
( 158,'Lorem ipsuuum dolor sit am/Lorem ipsummmmmmmmm dolor sit amet, consectetur adipiscing elit, sed do eiusmod tempor incididunt ut labore et dolore magna aliquag Viverra nam libero justo laoreet sit amet^ Leo duis ut diam quam nulla porttitor massa3 Aliquet nec ullamcorper sit amet risus nullammmmmmmmmmmmmmmmmmmmmmmmmmmmmmmmmmmmmmmmmmmmmmmm eget felisA Aliquet nec ullamcorper sit amet risus nullaaaaaaaaam eget felisQ','cd8419f3-daec-49b9-9dd7-63119ed506e3',36,null,'2014-09-27','2015-07-21' ),
( 159,'Lorem ipsum dolor sit am/Lorem ipsummmmmmmmm dolor sit amet, consectetur adipiscing elit, sed do eiusmod tempor incididunt ut labore et dolore magna aliqua! Viverra nam libero justo laoreet sit amet> Leo duis ut diam quam nulla porttitor massa] Aliquet nec ullamcorper sit amet risus nullammmmmmmmmmmmmmmmmmmmmmmmmmmmmmmmmmmmmmmmmmmmmmmmmmmmmm eget felis- Aliquet nec ullamcorper sit amet risus nullaaaam eget felisx','9efccbde-c145-484e-aa25-4c57f8131bcc',36,null,'2013-02-22','2019-02-21' ),
( 160,'Lorem ipsum dolor sit am/Lorem ipsumm dolor sit amet, consectetur adipiscing elit, sed do eiusmod tempor incididunt ut labore et dolore magna aliqua} Viverra nam libero justo laoreet sit ametF Leo duis ut diam quam nulla porttitor massaP Aliquet nec ullamcorper sit amet risus nullammmmmm eget felisN Aliquet nec ullamcorper sit amet risus nullaaaaaaaam eget felis0','9efccbde-c145-484e-aa25-4c57f8131bcc',24,null,'2015-08-29','2016-01-13' )
;


Insert Into posts.question_tags ( questions_id, tags_id) Values
( 1,1 ),
( 1,16 ),
( 1,39 ),
( 1,45 ),
( 2,23 ),
( 2,25 ),
( 2,34 ),
( 2,37 ),
( 2,43 ),
( 2,45 ),
( 2,48 ),
( 2,8 ),
( 3,11 ),
( 3,18 ),
( 3,44 ),
( 3,45 ),
( 4,15 ),
( 4,31 ),
( 4,4 ),
( 4,46 ),
( 5,13 ),
( 6,13 ),
( 6,21 ),
( 6,36 ),
( 6,38 ),
( 7,17 ),
( 7,18 ),
( 7,28 ),
( 7,8 ),
( 8,2 ),
( 8,21 ),
( 8,27 ),
( 8,41 ),
( 8,47 ),
( 9,34 ),
( 9,43 ),
( 10,13 ),
( 10,33 ),
( 10,6 ),
( 11,12 ),
( 11,21 ),
( 11,23 ),
( 11,7 ),
( 12,1 ),
( 12,21 ),
( 12,30 ),
( 12,32 ),
( 13,10 ),
( 13,15 ),
( 13,20 ),
( 13,21 ),
( 13,29 ),
( 14,19 ),
( 15,15 ),
( 15,17 ),
( 15,35 )
;


INSERT INTO logging.event (id, name, description) VALUES
(1, 'ACCOUNT_CREATION', 'A user reaction indicating the post is good or useful' ),
(2, 'UP_VOTE', 'A user reaction indicating the post is bad or useless' ),
(3, 'DOWN_VOTE', 'A user has edited a peer''s post' ),
(4, 'POST_EDITING', ''),
(5, 'AWESOME_POST_CREATOR', '100th post with one or more up votes'),
(6, 'NICE_QUESTIONER', '100th question  with one or more up votes'),
(7, 'NICE_ANSWERER', '100th answer with one or more up votes'),
(8, 'SERIAL_COMMENTER', 'Leave 10 comments'),
(9, 'GOOD_CONTENT', 'First two posts with 2 or more up votes'),
(10, 'ACTIVE_ROOKIE', 'Active member for a year, earning at least 200 reputation'),
(11, 'GOOD_QUESTION', 'Question score of 25 or more'),
(12, 'GREAT_QUESTION', 'Question score of 100 or more'),
(13, 'POPULAR_QUESTION', 'Question with 1,000 views'),
(14, 'NOTABLE_QUESTION', 'Question with 2,500 views'),
(15, 'FAMOUS_QUESTION', 'Question with 10,000 views')
;


-- INSERT INTO logging.event (id, name, description) VALUES
-- (1, 'UP_VOTE', 'A user reaction indicating the post is good or useful' ),
-- (2, 'DOWN_VOTE', 'A user reaction indicating the post is bad or useless' ),
-- (3, 'POST_EDIT', 'A user has edited a peer''s post' ),
-- (4, 'POST_CREATION', ''),
-- (5, 'POST_DELETE', ''),
-- (6, 'TAG_CREATION', ''),
-- (7, 'TAG_EDIT', ''),
-- (8, 'TAG_DELETE', ''),
-- (9, 'USER_CREATION', ''),
-- (10, 'USER_EDIT', ''),
-- (11, 'USER_DELETE', ''),
-- (12, 'POST_FLAG', ''),
-- (13, 'COMMENT_CREATION', ''),
-- (14, 'COMMENT_EDIT', ''),
-- (15, 'COMMENT_DELETE', '')
-- ;


INSERT INTO users.reputation (id, points) VALUES
(1, 1),
(2, 10),
(3, -2),
(4, 3),
(5, 30),
(6, 50),
(7, 50),
(8, 1),
(9, 5),
(10, 25),
(11, 10),
(12, 15),
(13, 5),
(14, 10),
(15, 20)
;

-- ACCOUNT_CREATION
INSERT INTO logging.event_logging (id, event_id, initiator_id, subject_id, "timestamp") VALUES
(1, 1, '1b70d154-006b-4a65-91c0-754a667e1367', '1b70d154-006b-4a65-91c0-754a667e1367','2002-10-22' ),
(2, 1, '1b70d154-006b-4a65-91c0-754a667e1367', '4743d21b-e993-4fa6-a65a-08a6afa00be5','2000-11-20' ),
(3, 1, '1b70d154-006b-4a65-91c0-754a667e1367', 'cd8419f3-daec-49b9-9dd7-63119ed506e3','2002-01-31' ),
(4, 1, '1b70d154-006b-4a65-91c0-754a667e1367', 'bd31eebb-d3e6-4377-8802-1f3f53eb7cd2','2001-08-14' ),
(5, 1, '1b70d154-006b-4a65-91c0-754a667e1367', '36edd72b-d8e4-469e-9c77-75cdab686a59','2002-07-21' ),
(6, 1, '1b70d154-006b-4a65-91c0-754a667e1367', '9c0b7f94-4ee3-4a2d-a651-bbb2778f91c8','2002-07-06' ),
(7, 1, '1b70d154-006b-4a65-91c0-754a667e1367', '9efccbde-c145-484e-aa25-4c57f8131bcc','2001-10-09' ),
(8, 1, '1b70d154-006b-4a65-91c0-754a667e1367', '66ed27a1-5ecc-48b0-961f-13151325a50f','2000-10-25' ),
(9, 1, '1b70d154-006b-4a65-91c0-754a667e1367', 'ed3f590a-4e5d-47de-909a-7380cf9daadc','2000-02-27' ),
(10, 1, '1b70d154-006b-4a65-91c0-754a667e1367', '28b5f3d3-9b33-4b5d-b453-dd8236b9eedb','2000-07-16' ),
(11, 1, '1b70d154-006b-4a65-91c0-754a667e1367', 'b62651a6-1db0-4bd4-b939-96de7a7b3f3b','2000-01-08' ),
(12, 1, '1b70d154-006b-4a65-91c0-754a667e1367', '3055c019-d77a-4ee6-bef1-ed4bea9f9d92','2002-10-23' ),
(13, 1, '1b70d154-006b-4a65-91c0-754a667e1367', 'd346c703-b368-463e-b788-c1e23d716353','2001-08-30' ),
(14, 1, '1b70d154-006b-4a65-91c0-754a667e1367', '5c01c01e-be05-499c-a8ea-1ef01906fc36','2002-04-21' ),
(15, 1, '1b70d154-006b-4a65-91c0-754a667e1367', '3382b768-ee1a-4848-9826-d4e199c65bef','2002-05-03' ),
(16, 1, '1b70d154-006b-4a65-91c0-754a667e1367', '842f1cdd-7474-4e0b-925f-f35c3f2174c7','2002-04-28' ),
(17, 1, '1b70d154-006b-4a65-91c0-754a667e1367', '7a90b53a-b937-4cb0-b702-869aad64410b','2000-08-01' ),
(18, 1, '1b70d154-006b-4a65-91c0-754a667e1367', 'cd8d6981-11aa-48fe-b1da-488c0a50aed1','2001-09-23' ),
(19, 1, '1b70d154-006b-4a65-91c0-754a667e1367', '561f4418-4019-42a7-a7e0-58a728fd2091','2001-03-11' ),
(20, 1, '1b70d154-006b-4a65-91c0-754a667e1367', '239e0a91-2b42-41a2-9385-3c0efe9ee227','2001-11-30' ),
(21, 1, '1b70d154-006b-4a65-91c0-754a667e1367', '4defcde4-9dea-441a-977f-465fc7f4d775','2001-10-08' ),
(22, 1, '1b70d154-006b-4a65-91c0-754a667e1367', '4e77926a-53d0-4792-af01-945ac074f4bb','2000-09-27' ),
(23, 1, '1b70d154-006b-4a65-91c0-754a667e1367', 'b7558b89-8a75-420a-a963-96ffecc6ac49','2000-07-06' ),
(24, 1, '1b70d154-006b-4a65-91c0-754a667e1367', '96382b96-b657-4688-bcbd-89a63003c9e5','2001-04-27' ),
(25, 1, '1b70d154-006b-4a65-91c0-754a667e1367', '5b08b691-b679-4b61-8adc-a3579eb38412','2002-01-07' ),
(26, 1, '1b70d154-006b-4a65-91c0-754a667e1367', 'e7b8b05c-8708-4e8b-a76a-4085e9398479','2001-08-18' ),
(27, 1, '1b70d154-006b-4a65-91c0-754a667e1367', '41e49e14-3d22-4722-a9c1-3a8cb9a0fac9','2000-07-04' ),
(28, 1, '1b70d154-006b-4a65-91c0-754a667e1367', '875d869d-24e6-4003-813a-343c82d46b41','2002-09-17' ),
(29, 1, '1b70d154-006b-4a65-91c0-754a667e1367', '5642229e-2cc0-4248-9652-7e0476dc0e32','2000-01-09' ),
(30, 1, '1b70d154-006b-4a65-91c0-754a667e1367', '96b6c5b0-e623-4b07-85ee-3f8117a9bf49','2000-04-25' ),
(31, 1, '1b70d154-006b-4a65-91c0-754a667e1367', '1d45c37b-3315-4a28-ba85-01e6b8fd9431','2000-10-26' ),
(32, 1, '1b70d154-006b-4a65-91c0-754a667e1367', 'd77041c7-bd31-48eb-b0a0-cc237fa2763d','2002-12-07' ),
(33, 1, '1b70d154-006b-4a65-91c0-754a667e1367', '57dc0552-8622-47f1-84ea-1521cd9521d0','2000-04-27' ),
(34, 1, '1b70d154-006b-4a65-91c0-754a667e1367', '45821d88-1e6d-455b-a95b-a7deccd4124e','2002-12-15' ),
(35, 1, '1b70d154-006b-4a65-91c0-754a667e1367', '84d123d8-7640-4e87-9162-5bc7e7d697ed','2000-03-14' ),
(36, 1, '1b70d154-006b-4a65-91c0-754a667e1367', 'f43e91b9-774d-4293-bc09-82db051a101c','2001-04-21' ),
(37, 1, '1b70d154-006b-4a65-91c0-754a667e1367', '95fddf6b-384c-4904-89e9-b02f623fe4ad','2000-07-07' ),
(38, 1, '1b70d154-006b-4a65-91c0-754a667e1367', '6b806a30-2d30-4628-b917-7ad93981a6c3','2002-01-25' ),
(39, 1, '1b70d154-006b-4a65-91c0-754a667e1367', 'e57721bc-ab77-4d58-be82-e3935b7ebd08','2002-04-28' ),
(40, 1, '1b70d154-006b-4a65-91c0-754a667e1367', '138b631d-004c-4f1a-b1ec-aba3b312db79','2001-05-18' ),
(41, 1, '1b70d154-006b-4a65-91c0-754a667e1367', '43b46262-9659-4c7b-90a2-362f9b3262e6','2001-02-23' ),
(42, 1, '1b70d154-006b-4a65-91c0-754a667e1367', 'a410146b-4347-4506-98cb-e1d2e29ca95c','2002-03-13' ),
(43, 1, '1b70d154-006b-4a65-91c0-754a667e1367', 'c14c114a-c151-4631-bd71-9fce90930f5b','2002-04-30' ),
(44, 1, '1b70d154-006b-4a65-91c0-754a667e1367', 'fe861187-e53f-4238-b7d0-15f79fcc40ce','2000-12-24' ),
(45, 1, '1b70d154-006b-4a65-91c0-754a667e1367', '3d441d2c-e1ca-4f21-9367-cab4c57d2255','2000-05-24' ),
(46, 1, '1b70d154-006b-4a65-91c0-754a667e1367', 'e4a11fe5-8054-4d99-a3fe-20c9fd21eced','2001-06-26' ),
(47, 1, '1b70d154-006b-4a65-91c0-754a667e1367', 'dc25286e-59c4-45e9-871d-0609346c806a','2002-10-06' ),
(48, 1, '1b70d154-006b-4a65-91c0-754a667e1367', '6ff8f7f7-535c-4278-9e4b-a68de6bcbd35','2000-06-10' ),
(49, 1, '1b70d154-006b-4a65-91c0-754a667e1367', '850d2305-92d2-4914-bdff-05803c6efa59','2002-11-05' ),
(50, 1, '1b70d154-006b-4a65-91c0-754a667e1367', 'afd5298f-bb60-4348-817b-807a1fa93c95','2000-10-19' )
;


-- UPVOTES AND DOWNVOTES


INSERT INTO logging.event_logging ( id, event_id, initiator_id, subject_id, "timestamp") VALUES
( 51,2,'e4a11fe5-8054-4d99-a3fe-20c9fd21eced',null,'2016-04-01' ),
( 52,2,'afd5298f-bb60-4348-817b-807a1fa93c95',null,'2020-09-09' ),
( 53,2,'6ff8f7f7-535c-4278-9e4b-a68de6bcbd35',null,'2016-04-19' ),
( 54,2,'6ff8f7f7-535c-4278-9e4b-a68de6bcbd35',null,'2017-03-18' ),
( 55,2,'3d441d2c-e1ca-4f21-9367-cab4c57d2255',null,'2015-11-02' ),
( 56,2,'6ff8f7f7-535c-4278-9e4b-a68de6bcbd35',null,'2019-08-20' ),
( 57,2,'dc25286e-59c4-45e9-871d-0609346c806a',null,'2019-08-06' ),
( 58,2,'afd5298f-bb60-4348-817b-807a1fa93c95',null,'2019-05-07' ),
( 59,2,'dc25286e-59c4-45e9-871d-0609346c806a',null,'2018-03-06' ),
( 60,2,'e4a11fe5-8054-4d99-a3fe-20c9fd21eced',null,'2019-10-31' ),
( 61,2,'6ff8f7f7-535c-4278-9e4b-a68de6bcbd35',null,'2018-02-09' ),
( 62,2,'3d441d2c-e1ca-4f21-9367-cab4c57d2255',null,'2019-10-23' ),
( 63,2,'6ff8f7f7-535c-4278-9e4b-a68de6bcbd35',null,'2019-11-08' ),
( 64,2,'afd5298f-bb60-4348-817b-807a1fa93c95',null,'2017-02-22' ),
( 65,2,'6ff8f7f7-535c-4278-9e4b-a68de6bcbd35',null,'2016-02-18' ),
( 66,2,'6ff8f7f7-535c-4278-9e4b-a68de6bcbd35',null,'2017-07-17' ),
( 67,2,'e4a11fe5-8054-4d99-a3fe-20c9fd21eced',null,'2015-06-20' ),
( 68,2,'3d441d2c-e1ca-4f21-9367-cab4c57d2255',null,'2015-07-25' ),
( 69,2,'6ff8f7f7-535c-4278-9e4b-a68de6bcbd35',null,'2019-10-29' ),
( 70,3,'afd5298f-bb60-4348-817b-807a1fa93c95',null,'2016-10-29' ),
( 71,2,'6ff8f7f7-535c-4278-9e4b-a68de6bcbd35',null,'2018-02-04' ),
( 72,3,'3d441d2c-e1ca-4f21-9367-cab4c57d2255',null,'2018-01-09' ),
( 73,2,'afd5298f-bb60-4348-817b-807a1fa93c95',null,'2015-05-23' ),
( 74,2,'e4a11fe5-8054-4d99-a3fe-20c9fd21eced',null,'2019-01-05' ),
( 75,2,'e4a11fe5-8054-4d99-a3fe-20c9fd21eced',null,'2015-09-10' ),
( 76,2,'6ff8f7f7-535c-4278-9e4b-a68de6bcbd35',null,'2020-06-24' ),
( 77,3,'850d2305-92d2-4914-bdff-05803c6efa59',null,'2017-05-09' ),
( 78,2,'dc25286e-59c4-45e9-871d-0609346c806a',null,'2017-12-11' ),
( 79,2,'3d441d2c-e1ca-4f21-9367-cab4c57d2255',null,'2019-07-19' ),
( 80,3,'dc25286e-59c4-45e9-871d-0609346c806a',null,'2018-10-17' ),
( 81,2,'850d2305-92d2-4914-bdff-05803c6efa59',null,'2019-01-03' ),
( 82,2,'e4a11fe5-8054-4d99-a3fe-20c9fd21eced',null,'2017-01-29' ),
( 83,3,'dc25286e-59c4-45e9-871d-0609346c806a',null,'2015-02-19' ),
( 84,3,'dc25286e-59c4-45e9-871d-0609346c806a',null,'2018-02-06' ),
( 85,2,'850d2305-92d2-4914-bdff-05803c6efa59',null,'2020-03-20' ),
( 86,2,'6ff8f7f7-535c-4278-9e4b-a68de6bcbd35',null,'2017-03-08' ),
( 87,2,'afd5298f-bb60-4348-817b-807a1fa93c95',null,'2017-05-01' ),
( 88,2,'e4a11fe5-8054-4d99-a3fe-20c9fd21eced',null,'2016-10-28' ),
( 89,2,'dc25286e-59c4-45e9-871d-0609346c806a',null,'2017-11-24' ),
( 90,2,'e4a11fe5-8054-4d99-a3fe-20c9fd21eced',null,'2017-05-03' ),
( 91,2,'afd5298f-bb60-4348-817b-807a1fa93c95',null,'2018-08-03' ),
( 92,3,'850d2305-92d2-4914-bdff-05803c6efa59',null,'2015-11-14' ),
( 93,3,'850d2305-92d2-4914-bdff-05803c6efa59',null,'2015-05-15' ),
( 94,2,'3d441d2c-e1ca-4f21-9367-cab4c57d2255',null,'2015-08-11' ),
( 95,2,'6ff8f7f7-535c-4278-9e4b-a68de6bcbd35',null,'2020-01-22' ),
( 96,3,'e4a11fe5-8054-4d99-a3fe-20c9fd21eced',null,'2018-02-18' ),
( 97,2,'6ff8f7f7-535c-4278-9e4b-a68de6bcbd35',null,'2020-08-05' ),
( 98,3,'3d441d2c-e1ca-4f21-9367-cab4c57d2255',null,'2016-07-26' ),
( 99,2,'6ff8f7f7-535c-4278-9e4b-a68de6bcbd35',null,'2016-04-04' ),
( 100,2,'6ff8f7f7-535c-4278-9e4b-a68de6bcbd35',null,'2020-12-18' ),
( 101,2,'dc25286e-59c4-45e9-871d-0609346c806a',null,'2015-03-26' ),
( 102,2,'e4a11fe5-8054-4d99-a3fe-20c9fd21eced',null,'2018-08-28' ),
( 103,3,'afd5298f-bb60-4348-817b-807a1fa93c95',null,'2017-07-29' ),
( 104,3,'6ff8f7f7-535c-4278-9e4b-a68de6bcbd35',null,'2016-12-23' ),
( 105,2,'dc25286e-59c4-45e9-871d-0609346c806a',null,'2017-09-25' ),
( 106,2,'e4a11fe5-8054-4d99-a3fe-20c9fd21eced',null,'2019-08-29' ),
( 107,2,'3d441d2c-e1ca-4f21-9367-cab4c57d2255',null,'2015-09-13' ),
( 108,3,'afd5298f-bb60-4348-817b-807a1fa93c95',null,'2015-06-02' ),
( 109,3,'e4a11fe5-8054-4d99-a3fe-20c9fd21eced',null,'2020-01-02' ),
( 110,2,'3d441d2c-e1ca-4f21-9367-cab4c57d2255',null,'2017-12-04' ),
( 111,2,'dc25286e-59c4-45e9-871d-0609346c806a',null,'2017-04-10' ),
( 112,2,'3d441d2c-e1ca-4f21-9367-cab4c57d2255',null,'2020-09-10' ),
( 113,2,'3d441d2c-e1ca-4f21-9367-cab4c57d2255',null,'2020-12-06' ),
( 114,2,'e4a11fe5-8054-4d99-a3fe-20c9fd21eced',null,'2018-07-15' ),
( 115,2,'afd5298f-bb60-4348-817b-807a1fa93c95',null,'2018-01-08' ),
( 116,3,'afd5298f-bb60-4348-817b-807a1fa93c95',null,'2019-07-11' ),
( 117,3,'e4a11fe5-8054-4d99-a3fe-20c9fd21eced',null,'2020-07-23' ),
( 118,3,'6ff8f7f7-535c-4278-9e4b-a68de6bcbd35',null,'2016-09-30' ),
( 119,2,'3d441d2c-e1ca-4f21-9367-cab4c57d2255',null,'2018-04-01' ),
( 120,2,'dc25286e-59c4-45e9-871d-0609346c806a',null,'2020-03-28' ),
( 121,2,'850d2305-92d2-4914-bdff-05803c6efa59',null,'2019-06-25' ),
( 122,3,'6ff8f7f7-535c-4278-9e4b-a68de6bcbd35',null,'2019-03-14' ),
( 123,2,'e4a11fe5-8054-4d99-a3fe-20c9fd21eced',null,'2016-10-13' ),
( 124,3,'e4a11fe5-8054-4d99-a3fe-20c9fd21eced',null,'2015-05-16' ),
( 125,3,'afd5298f-bb60-4348-817b-807a1fa93c95',null,'2020-04-08' ),
( 126,3,'850d2305-92d2-4914-bdff-05803c6efa59',null,'2016-03-06' ),
( 127,2,'afd5298f-bb60-4348-817b-807a1fa93c95',null,'2019-05-12' ),
( 128,2,'6ff8f7f7-535c-4278-9e4b-a68de6bcbd35',null,'2020-05-03' ),
( 129,2,'6ff8f7f7-535c-4278-9e4b-a68de6bcbd35',null,'2019-04-21' ),
( 130,2,'e4a11fe5-8054-4d99-a3fe-20c9fd21eced',null,'2015-12-29' ),
( 131,2,'dc25286e-59c4-45e9-871d-0609346c806a',null,'2015-11-29' ),
( 132,2,'e4a11fe5-8054-4d99-a3fe-20c9fd21eced',null,'2020-06-23' ),
( 133,2,'6ff8f7f7-535c-4278-9e4b-a68de6bcbd35',null,'2015-06-16' ),
( 134,2,'850d2305-92d2-4914-bdff-05803c6efa59',null,'2017-01-26' ),
( 135,2,'6ff8f7f7-535c-4278-9e4b-a68de6bcbd35',null,'2015-08-31' ),
( 136,2,'dc25286e-59c4-45e9-871d-0609346c806a',null,'2015-01-22' ),
( 137,2,'3d441d2c-e1ca-4f21-9367-cab4c57d2255',null,'2015-03-29' ),
( 138,2,'3d441d2c-e1ca-4f21-9367-cab4c57d2255',null,'2016-08-13' ),
( 139,2,'dc25286e-59c4-45e9-871d-0609346c806a',null,'2015-12-21' ),
( 140,2,'3d441d2c-e1ca-4f21-9367-cab4c57d2255',null,'2016-06-25' ),
( 141,2,'6ff8f7f7-535c-4278-9e4b-a68de6bcbd35',null,'2020-08-26' ),
( 142,2,'3d441d2c-e1ca-4f21-9367-cab4c57d2255',null,'2019-02-10' ),
( 143,3,'850d2305-92d2-4914-bdff-05803c6efa59',null,'2018-05-06' ),
( 144,2,'6ff8f7f7-535c-4278-9e4b-a68de6bcbd35',null,'2016-08-29' ),
( 145,3,'3d441d2c-e1ca-4f21-9367-cab4c57d2255',null,'2016-08-31' ),
( 146,2,'afd5298f-bb60-4348-817b-807a1fa93c95',null,'2020-08-05' ),
( 147,2,'6ff8f7f7-535c-4278-9e4b-a68de6bcbd35',null,'2016-06-11' ),
( 148,3,'dc25286e-59c4-45e9-871d-0609346c806a',null,'2020-12-30' ),
( 149,2,'3d441d2c-e1ca-4f21-9367-cab4c57d2255',null,'2016-05-01' ),
( 150,2,'afd5298f-bb60-4348-817b-807a1fa93c95',null,'2015-04-18' ),
( 151,2,'3d441d2c-e1ca-4f21-9367-cab4c57d2255',null,'2018-06-16' ),
( 152,2,'3d441d2c-e1ca-4f21-9367-cab4c57d2255',null,'2019-02-03' ),
( 153,2,'dc25286e-59c4-45e9-871d-0609346c806a',null,'2020-12-05' ),
( 154,3,'6ff8f7f7-535c-4278-9e4b-a68de6bcbd35',null,'2016-12-21' ),
( 155,2,'afd5298f-bb60-4348-817b-807a1fa93c95',null,'2015-07-05' ),
( 156,2,'6ff8f7f7-535c-4278-9e4b-a68de6bcbd35',null,'2019-07-06' ),
( 157,2,'e4a11fe5-8054-4d99-a3fe-20c9fd21eced',null,'2019-02-28' ),
( 158,3,'6ff8f7f7-535c-4278-9e4b-a68de6bcbd35',null,'2017-12-16' ),
( 159,3,'dc25286e-59c4-45e9-871d-0609346c806a',null,'2016-09-02' ),
( 160,2,'dc25286e-59c4-45e9-871d-0609346c806a',null,'2016-03-12' ),
( 161,2,'dc25286e-59c4-45e9-871d-0609346c806a',null,'2017-08-06' ),
( 162,2,'dc25286e-59c4-45e9-871d-0609346c806a',null,'2018-12-10' ),
( 163,3,'dc25286e-59c4-45e9-871d-0609346c806a',null,'2020-01-28' ),
( 164,2,'afd5298f-bb60-4348-817b-807a1fa93c95',null,'2018-04-15' ),
( 165,2,'afd5298f-bb60-4348-817b-807a1fa93c95',null,'2018-01-13' ),
( 166,2,'3d441d2c-e1ca-4f21-9367-cab4c57d2255',null,'2019-04-19' ),
( 167,3,'afd5298f-bb60-4348-817b-807a1fa93c95',null,'2018-05-29' ),
( 168,2,'afd5298f-bb60-4348-817b-807a1fa93c95',null,'2015-06-16' ),
( 169,3,'850d2305-92d2-4914-bdff-05803c6efa59',null,'2020-04-17' ),
( 170,2,'850d2305-92d2-4914-bdff-05803c6efa59',null,'2015-01-10' ),
( 171,2,'850d2305-92d2-4914-bdff-05803c6efa59',null,'2019-08-16' ),
( 172,3,'3d441d2c-e1ca-4f21-9367-cab4c57d2255',null,'2019-05-23' ),
( 173,2,'6ff8f7f7-535c-4278-9e4b-a68de6bcbd35',null,'2017-10-04' ),
( 174,3,'e4a11fe5-8054-4d99-a3fe-20c9fd21eced',null,'2019-12-12' ),
( 175,2,'dc25286e-59c4-45e9-871d-0609346c806a',null,'2020-02-01' ),
( 176,2,'3d441d2c-e1ca-4f21-9367-cab4c57d2255',null,'2017-02-24' ),
( 177,2,'dc25286e-59c4-45e9-871d-0609346c806a',null,'2017-11-23' ),
( 178,2,'850d2305-92d2-4914-bdff-05803c6efa59',null,'2019-03-31' ),
( 179,2,'dc25286e-59c4-45e9-871d-0609346c806a',null,'2017-10-05' ),
( 180,3,'afd5298f-bb60-4348-817b-807a1fa93c95',null,'2020-04-27' ),
( 181,2,'dc25286e-59c4-45e9-871d-0609346c806a',null,'2015-09-29' ),
( 182,2,'dc25286e-59c4-45e9-871d-0609346c806a',null,'2016-05-02' ),
( 183,2,'afd5298f-bb60-4348-817b-807a1fa93c95',null,'2017-03-28' ),
( 184,2,'6ff8f7f7-535c-4278-9e4b-a68de6bcbd35',null,'2018-11-05' ),
( 185,2,'3d441d2c-e1ca-4f21-9367-cab4c57d2255',null,'2018-05-28' ),
( 186,2,'dc25286e-59c4-45e9-871d-0609346c806a',null,'2020-07-22' ),
( 187,2,'dc25286e-59c4-45e9-871d-0609346c806a',null,'2020-03-29' ),
( 188,2,'afd5298f-bb60-4348-817b-807a1fa93c95',null,'2018-06-14' ),
( 189,2,'afd5298f-bb60-4348-817b-807a1fa93c95',null,'2016-05-30' ),
( 190,2,'850d2305-92d2-4914-bdff-05803c6efa59',null,'2020-07-02' ),
( 191,2,'e4a11fe5-8054-4d99-a3fe-20c9fd21eced',null,'2020-11-29' ),
( 192,2,'e4a11fe5-8054-4d99-a3fe-20c9fd21eced',null,'2020-02-02' ),
( 193,2,'dc25286e-59c4-45e9-871d-0609346c806a',null,'2017-02-26' ),
( 194,2,'dc25286e-59c4-45e9-871d-0609346c806a',null,'2017-04-29' ),
( 195,2,'6ff8f7f7-535c-4278-9e4b-a68de6bcbd35',null,'2016-05-20' ),
( 196,3,'dc25286e-59c4-45e9-871d-0609346c806a',null,'2020-02-20' ),
( 197,2,'850d2305-92d2-4914-bdff-05803c6efa59',null,'2017-10-14' ),
( 198,2,'dc25286e-59c4-45e9-871d-0609346c806a',null,'2015-07-08' ),
( 199,3,'dc25286e-59c4-45e9-871d-0609346c806a',null,'2019-06-22' ),
( 200,2,'afd5298f-bb60-4348-817b-807a1fa93c95',null,'2018-07-01' ),
( 201,2,'850d2305-92d2-4914-bdff-05803c6efa59',null,'2019-12-09' ),
( 202,3,'3d441d2c-e1ca-4f21-9367-cab4c57d2255',null,'2018-10-11' ),
( 203,2,'e4a11fe5-8054-4d99-a3fe-20c9fd21eced',null,'2017-03-02' ),
( 204,2,'3d441d2c-e1ca-4f21-9367-cab4c57d2255',null,'2020-10-27' ),
( 205,2,'e4a11fe5-8054-4d99-a3fe-20c9fd21eced',null,'2019-02-10' ),
( 206,2,'6ff8f7f7-535c-4278-9e4b-a68de6bcbd35',null,'2016-06-25' ),
( 207,2,'850d2305-92d2-4914-bdff-05803c6efa59',null,'2017-03-24' ),
( 208,2,'3d441d2c-e1ca-4f21-9367-cab4c57d2255',null,'2017-08-01' ),
( 209,2,'3d441d2c-e1ca-4f21-9367-cab4c57d2255',null,'2020-06-24' ),
( 210,2,'dc25286e-59c4-45e9-871d-0609346c806a',null,'2018-08-11' )
;


INSERT INTO logging.event_logging_post ( id, post_id) VALUES
( 51,64 ),
( 52,83 ),
( 53,20 ),
( 54,52 ),
( 55,43 ),
( 56,23 ),
( 57,30 ),
( 58,40 ),
( 59,21 ),
( 60,62 ),
( 61,68 ),
( 62,28 ),
( 63,28 ),
( 64,21 ),
( 65,30 ),
( 66,16 ),
( 67,33 ),
( 68,82 ),
( 69,6 ),
( 70,73 ),
( 71,80 ),
( 72,30 ),
( 73,76 ),
( 74,3 ),
( 75,77 ),
( 76,12 ),
( 77,65 ),
( 78,26 ),
( 79,49 ),
( 80,69 ),
( 81,88 ),
( 82,27 ),
( 83,10 ),
( 84,70 ),
( 85,63 ),
( 86,69 ),
( 87,65 ),
( 88,31 ),
( 89,78 ),
( 90,65 ),
( 91,6 ),
( 92,22 ),
( 93,50 ),
( 94,84 ),
( 95,41 ),
( 96,41 ),
( 97,43 ),
( 98,43 ),
( 99,10 ),
( 100,23 ),
( 101,51 ),
( 102,20 ),
( 103,68 ),
( 104,60 ),
( 105,21 ),
( 106,71 ),
( 107,56 ),
( 108,49 ),
( 109,45 ),
( 110,67 ),
( 111,54 ),
( 112,26 ),
( 113,78 ),
( 114,37 ),
( 115,90 ),
( 116,82 ),
( 117,50 ),
( 118,28 ),
( 119,42 ),
( 120,39 ),
( 121,59 ),
( 122,69 ),
( 123,50 ),
( 124,78 ),
( 125,53 ),
( 126,43 ),
( 127,44 ),
( 128,28 ),
( 129,27 ),
( 130,78 ),
( 131,60 ),
( 132,20 ),
( 133,18 ),
( 134,4 ),
( 135,73 ),
( 136,74 ),
( 137,19 ),
( 138,67 ),
( 139,76 ),
( 140,15 ),
( 141,40 ),
( 142,70 ),
( 143,11 ),
( 144,89 ),
( 145,40 ),
( 146,42 ),
( 147,77 ),
( 148,85 ),
( 149,82 ),
( 150,69 ),
( 151,14 ),
( 152,81 ),
( 153,37 ),
( 154,72 ),
( 155,88 ),
( 156,76 ),
( 157,81 ),
( 158,7 ),
( 159,89 ),
( 160,87 ),
( 161,37 ),
( 162,21 ),
( 163,42 ),
( 164,3 ),
( 165,6 ),
( 166,75 ),
( 167,56 ),
( 168,75 ),
( 169,46 ),
( 170,40 ),
( 171,30 ),
( 172,12 ),
( 173,13 ),
( 174,48 ),
( 175,57 ),
( 176,36 ),
( 177,12 ),
( 178,53 ),
( 179,29 ),
( 180,44 ),
( 181,20 ),
( 182,23 ),
( 183,67 ),
( 184,66 ),
( 185,81 ),
( 186,66 ),
( 187,15 ),
( 188,36 ),
( 189,77 ),
( 190,28 ),
( 191,65 ),
( 192,65 ),
( 193,40 ),
( 194,41 ),
( 195,74 ),
( 196,70 ),
( 197,7 ),
( 198,87 ),
( 199,88 ),
( 200,81 ),
( 201,13 ),
( 202,68 ),
( 203,84 ),
( 204,82 ),
( 205,12 ),
( 206,86 ),
( 207,9 ),
( 208,84 ),
( 209,84 ),
( 210,80 )
;
